[  0%] Built target common_autogen_timestamp_deps
[  0%] Generating .lupdate/deskflow_en.ts.stamp
[  0%] Generating .lupdate/deskflow_es.ts.stamp
[  0%] Automatic MOC and UIC for target common
[  0%] Built target docs
[  1%] Generating .lupdate/deskflow_it.ts.stamp
[  1%] Generating .lupdate/deskflow_ja.ts.stamp
[  1%] Generating .lupdate/deskflow_ko.ts.stamp
[  1%] Generating .lupdate/deskflow_ru.ts.stamp
[  2%] Generating .lupdate/deskflow_zh_CN.ts.stamp
[  2%] Generating deskflow_en.qm
[  2%] Generating deskflow_es.qm
Updating '/Users/runner/work/deskflow/deskflow/build/translations/deskflow_en.qm'...
    Generated 1 translation(s) (1 finished and 0 unfinished)
Updating '/Users/runner/work/deskflow/deskflow/build/translations/deskflow_es.qm'...
    Generated 317 translation(s) (12 finished and 305 unfinished)
    Ignored 6 untranslated source text(s)
[  2%] Generating deskflow_it.qm
[  3%] Generating deskflow_ja.qm
Updating '/Users/runner/work/deskflow/deskflow/build/translations/deskflow_ja.qm'...
    Generated 320 translation(s) (270 finished and 50 unfinished)
    Ignored 3 untranslated source text(s)
Updating '/Users/runner/work/deskflow/deskflow/build/translations/deskflow_it.qm'...
    Generated 317 translation(s) (204 finished and 113 unfinished)
    Ignored 6 untranslated source text(s)
[  3%] Generating deskflow_ko.qm
[  3%] Generating deskflow_ru.qm
Updating '/Users/runner/work/deskflow/deskflow/build/translations/deskflow_ru.qm'...
    Generated 317 translation(s) (217 finished and 100 unfinished)
    Ignored 6 untranslated source text(s)
Updating '/Users/runner/work/deskflow/deskflow/build/translations/deskflow_ko.qm'...
    Generated 317 translation(s) (213 finished and 104 unfinished)
    Ignored 6 untranslated source text(s)
[  4%] Generating deskflow_zh_CN.qm
Updating '/Users/runner/work/deskflow/deskflow/build/translations/deskflow_zh_CN.qm'...
    Generated 317 translation(s) (204 finished and 113 unfinished)
    Ignored 6 untranslated source text(s)
[  4%] Built target app_translations
[  4%] Built target common_autogen
[  4%] Building CXX object src/lib/common/CMakeFiles/common.dir/Action.cpp.o
[  4%] Building CXX object src/lib/common/CMakeFiles/common.dir/Hotkey.cpp.o
[  5%] Building CXX object src/lib/common/CMakeFiles/common.dir/common_autogen/mocs_compilation.cpp.o
[  5%] Building CXX object src/lib/common/CMakeFiles/common.dir/I18N.cpp.o
[  6%] Building CXX object src/lib/common/CMakeFiles/common.dir/KeySequence.cpp.o
[  6%] Building CXX object src/lib/common/CMakeFiles/common.dir/Settings.cpp.o
[  6%] Building CXX object src/lib/common/CMakeFiles/common.dir/QSettingsProxy.cpp.o
[  7%] Linking CXX static library libcommon.a
[  7%] Built target common
[  7%] Built target arch_autogen_timestamp_deps
[  7%] Built target client_autogen_timestamp_deps
[  7%] Built target io_autogen_timestamp_deps
[  7%] Built target app_autogen_timestamp_deps
[  7%] Built target SettingsTests_autogen_timestamp_deps
[  7%] Built target LogLevelTests_autogen_timestamp_deps
[  7%] Built target I18NTests_autogen_timestamp_deps
[  7%] Built target KeySequenceTests_autogen_timestamp_deps
[  7%] Automatic MOC and UIC for target arch
[  7%] Automatic MOC and UIC for target client
[  8%] Automatic MOC and UIC for target io
[  9%] Automatic MOC and UIC for target app
[  9%] Built target io_autogen
[  9%] Built target client_autogen
[  9%] Built target arch_autogen
[  9%] Automatic MOC and UIC for target SettingsTests
[  9%] Automatic MOC and UIC for target I18NTests
[  9%] Automatic MOC and UIC for target LogLevelTests
[  9%] Built target app_autogen
[  9%] Automatic MOC and UIC for target KeySequenceTests
[  9%] Built target I18NTests_autogen
[  9%] Built target LogLevelTests_autogen
[  9%] Building CXX object src/lib/arch/CMakeFiles/arch.dir/arch_autogen/mocs_compilation.cpp.o
[  9%] Building CXX object src/lib/client/CMakeFiles/client.dir/client_autogen/mocs_compilation.cpp.o
[ 10%] Building CXX object src/lib/client/CMakeFiles/client.dir/Client.cpp.o
[ 10%] Building CXX object src/lib/arch/CMakeFiles/arch.dir/unix/ArchLogUnix.cpp.o
[ 10%] Built target SettingsTests_autogen
[ 10%] Building CXX object src/lib/io/CMakeFiles/io.dir/io_autogen/mocs_compilation.cpp.o
[ 10%] Building CXX object src/lib/io/CMakeFiles/io.dir/IOException.cpp.o
[ 10%] Built target KeySequenceTests_autogen
[ 10%] Building CXX object src/lib/client/CMakeFiles/client.dir/ServerProxy.cpp.o
[ 11%] Building CXX object src/lib/io/CMakeFiles/io.dir/StreamBuffer.cpp.o
[ 12%] Building CXX object src/lib/arch/CMakeFiles/arch.dir/unix/ArchMultithreadPosix.cpp.o
[ 12%] Building CXX object src/lib/io/CMakeFiles/io.dir/StreamFilter.cpp.o
[ 13%] Building CXX object src/unittests/common/CMakeFiles/SettingsTests.dir/SettingsTests_autogen/mocs_compilation.cpp.o
[ 13%] Linking CXX static library libio.a
[ 13%] Built target io
[ 14%] Building CXX object src/unittests/common/CMakeFiles/LogLevelTests.dir/LogLevelTests_autogen/mocs_compilation.cpp.o
[ 14%] Building CXX object src/lib/arch/CMakeFiles/arch.dir/unix/ArchNetworkBSD.cpp.o
[ 14%] Building CXX object src/lib/client/CMakeFiles/client.dir/ServerProxy1_7.cpp.o
[ 15%] Building CXX object src/lib/client/CMakeFiles/client.dir/ServerProxy1_8.cpp.o
[ 15%] Building CXX object src/lib/arch/CMakeFiles/arch.dir/unix/XArchUnix.cpp.o
[ 15%] Building CXX object src/unittests/common/CMakeFiles/SettingsTests.dir/SettingsTests.cpp.o
[ 15%] Building CXX object src/unittests/common/CMakeFiles/LogLevelTests.dir/LogLevelTests.cpp.o
[ 15%] Building CXX object src/lib/arch/CMakeFiles/arch.dir/Arch.cpp.o
[ 15%] Linking CXX static library libclient.a
[ 15%] Built target client
[ 15%] Building CXX object src/unittests/common/CMakeFiles/I18NTests.dir/I18NTests_autogen/mocs_compilation.cpp.o
[ 16%] Linking CXX static library libarch.a
[ 16%] Linking CXX executable LogLevelTests
[ 16%] Built target arch
[ 16%] Building CXX object src/unittests/common/CMakeFiles/KeySequenceTests.dir/KeySequenceTests_autogen/mocs_compilation.cpp.o
[ 16%] Built target LogLevelTests
[ 16%] Built target base_autogen_timestamp_deps
[ 17%] Building CXX object src/unittests/common/CMakeFiles/I18NTests.dir/I18NTests.cpp.o
[ 17%] Linking CXX executable SettingsTests
[ 17%] Built target SettingsTests
[ 17%] Automatic MOC and UIC for target base
[ 17%] Built target base_autogen
[ 17%] Building CXX object src/unittests/common/CMakeFiles/KeySequenceTests.dir/KeySequenceTests.cpp.o
[ 17%] Building CXX object src/lib/base/CMakeFiles/base.dir/base_autogen/mocs_compilation.cpp.o
[ 18%] Building CXX object src/lib/base/CMakeFiles/base.dir/OSXAutoReleasePool.mm.o
[ 18%] Building CXX object src/lib/base/CMakeFiles/base.dir/BaseException.cpp.o
[ 19%] Linking CXX executable KeySequenceTests
[ 19%] Built target KeySequenceTests
[ 19%] Building CXX object src/lib/base/CMakeFiles/base.dir/EventQueue.cpp.o
[ 19%] Linking CXX executable I18NTests
[ 20%] Building CXX object src/lib/base/CMakeFiles/base.dir/FunctionEventJob.cpp.o
[ 20%] Building CXX object src/lib/base/CMakeFiles/base.dir/FunctionJob.cpp.o
[ 20%] Building CXX object src/lib/base/CMakeFiles/base.dir/LogOutputters.cpp.o
[ 20%] Building CXX object src/lib/base/CMakeFiles/base.dir/Log.cpp.o
[ 20%] Built target I18NTests
[ 21%] Building CXX object src/lib/base/CMakeFiles/base.dir/SimpleEventQueueBuffer.cpp.o
[ 21%] Building CXX object src/lib/base/CMakeFiles/base.dir/Stopwatch.cpp.o
[ 21%] Building CXX object src/lib/base/CMakeFiles/base.dir/String.cpp.o
[ 22%] Building CXX object src/lib/base/CMakeFiles/base.dir/Unicode.cpp.o
[ 22%] Linking CXX static library libbase.a
[ 22%] Built target base
[ 22%] Built target StringTests_autogen_timestamp_deps
[ 22%] Built target ArchTests_autogen_timestamp_deps
[ 22%] Built target UnicodeTests_autogen_timestamp_deps
[ 22%] Built target mt_autogen_timestamp_deps
[ 22%] Built target LogTests_autogen_timestamp_deps
[ 22%] Built target BaseExceptionTests_autogen_timestamp_deps
[ 22%] Built target FileLogOutputterTests_autogen_timestamp_deps
[ 22%] Automatic MOC and UIC for target mt
[ 23%] Automatic MOC and UIC for target ArchTests
[ 24%] Automatic MOC and UIC for target UnicodeTests
[ 25%] Automatic MOC and UIC for target StringTests
[ 25%] Built target mt_autogen
[ 26%] Automatic MOC and UIC for target LogTests
[ 26%] Built target StringTests_autogen
[ 26%] Built target UnicodeTests_autogen
[ 26%] Built target ArchTests_autogen
[ 27%] Automatic MOC and UIC for target FileLogOutputterTests
[ 27%] Automatic MOC and UIC for target BaseExceptionTests
[ 27%] Building CXX object src/lib/mt/CMakeFiles/mt.dir/mt_autogen/mocs_compilation.cpp.o
[ 27%] Built target LogTests_autogen
[ 27%] Building CXX object src/lib/mt/CMakeFiles/mt.dir/CondVar.cpp.o
[ 27%] Building CXX object src/unittests/arch/CMakeFiles/ArchTests.dir/ArchTests_autogen/mocs_compilation.cpp.o
[ 27%] Building CXX object src/unittests/arch/CMakeFiles/ArchTests.dir/ArchTests.cpp.o
[ 27%] Built target FileLogOutputterTests_autogen
[ 27%] Built target BaseExceptionTests_autogen
[ 28%] Building CXX object src/lib/mt/CMakeFiles/mt.dir/Lock.cpp.o
[ 29%] Building CXX object src/unittests/base/CMakeFiles/StringTests.dir/StringTests_autogen/mocs_compilation.cpp.o
[ 29%] Building CXX object src/unittests/base/CMakeFiles/UnicodeTests.dir/UnicodeTests_autogen/mocs_compilation.cpp.o
[ 29%] Building CXX object src/lib/mt/CMakeFiles/mt.dir/MTException.cpp.o
[ 29%] Linking CXX executable ArchTests
[ 29%] Built target ArchTests
[ 29%] Building CXX object src/unittests/base/CMakeFiles/StringTests.dir/StringTests.cpp.o
[ 29%] Building CXX object src/lib/mt/CMakeFiles/mt.dir/Mutex.cpp.o
[ 30%] Building CXX object src/unittests/base/CMakeFiles/LogTests.dir/LogTests_autogen/mocs_compilation.cpp.o
[ 30%] Building CXX object src/unittests/base/CMakeFiles/UnicodeTests.dir/UnicodeTests.cpp.o
[ 30%] Building CXX object src/lib/mt/CMakeFiles/mt.dir/Thread.cpp.o
[ 30%] Linking CXX executable StringTests
[ 30%] Built target StringTests
[ 30%] Building CXX object src/unittests/base/CMakeFiles/FileLogOutputterTests.dir/FileLogOutputterTests_autogen/mocs_compilation.cpp.o
[ 30%] Building CXX object src/unittests/base/CMakeFiles/LogTests.dir/LogTests.cpp.o
[ 30%] Linking CXX executable UnicodeTests
[ 30%] Built target UnicodeTests
[ 30%] Building CXX object src/unittests/base/CMakeFiles/FileLogOutputterTests.dir/FileLogOutputterTests.cpp.o
[ 31%] Linking CXX static library libmt.a
[ 31%] Built target mt
[ 31%] Building CXX object src/unittests/base/CMakeFiles/BaseExceptionTests.dir/BaseExceptionTests_autogen/mocs_compilation.cpp.o
[ 31%] Built target EventQueueTests_autogen_timestamp_deps
[ 31%] Building CXX object src/unittests/base/CMakeFiles/BaseExceptionTests.dir/BaseExceptionTests.cpp.o
[ 31%] Linking CXX executable LogTests
[ 31%] Linking CXX executable FileLogOutputterTests
[ 31%] Built target LogTests
[ 31%] Built target net_autogen_timestamp_deps
[ 32%] Automatic MOC and UIC for target EventQueueTests
[ 32%] Built target FileLogOutputterTests
[ 33%] Automatic MOC and UIC for target net
[ 33%] Built target EventQueueTests_autogen
[ 34%] Building CXX object src/unittests/base/CMakeFiles/EventQueueTests.dir/EventQueueTests_autogen/mocs_compilation.cpp.o
[ 34%] Built target net_autogen
[ 34%] Building CXX object src/lib/net/CMakeFiles/net.dir/net_autogen/mocs_compilation.cpp.o
[ 34%] Building CXX object src/unittests/base/CMakeFiles/EventQueueTests.dir/EventQueueTests.cpp.o
[ 35%] Linking CXX executable BaseExceptionTests
[ 35%] Built target BaseExceptionTests
[ 36%] Building CXX object src/lib/net/CMakeFiles/net.dir/Fingerprint.cpp.o
[ 36%] Building CXX object src/lib/net/CMakeFiles/net.dir/FingerprintDatabase.cpp.o
[ 36%] Building CXX object src/lib/net/CMakeFiles/net.dir/IDataSocket.cpp.o
[ 37%] Building CXX object src/lib/net/CMakeFiles/net.dir/NetworkAddress.cpp.o
[ 37%] Linking CXX executable EventQueueTests
[ 37%] Building CXX object src/lib/net/CMakeFiles/net.dir/SecureListenSocket.cpp.o
[ 37%] Built target EventQueueTests
[ 37%] Building CXX object src/lib/net/CMakeFiles/net.dir/SecureSocket.cpp.o
[ 37%] Building CXX object src/lib/net/CMakeFiles/net.dir/SocketException.cpp.o
[ 38%] Building CXX object src/lib/net/CMakeFiles/net.dir/SocketMultiplexer.cpp.o
[ 38%] Building CXX object src/lib/net/CMakeFiles/net.dir/SecureUtils.cpp.o
[ 38%] Building CXX object src/lib/net/CMakeFiles/net.dir/SslLogger.cpp.o
[ 39%] Building CXX object src/lib/net/CMakeFiles/net.dir/TCPListenSocket.cpp.o
[ 39%] Building CXX object src/lib/net/CMakeFiles/net.dir/TCPSocket.cpp.o
[ 39%] Building CXX object src/lib/net/CMakeFiles/net.dir/TCPSocketFactory.cpp.o
[ 39%] Linking CXX static library libnet.a
[ 39%] Built target net
[ 39%] Built target platform_autogen_timestamp_deps
[ 39%] Built target SecureUtilsTests_autogen_timestamp_deps
[ 39%] Built target FingerprintDatabaseTests_autogen_timestamp_deps
[ 39%] Built target FingerprintTests_autogen_timestamp_deps
[ 39%] Automatic MOC and UIC for target FingerprintDatabaseTests
[ 41%] Automatic MOC and UIC for target SecureUtilsTests
[ 41%] Automatic MOC and UIC for target platform
[ 41%] Automatic MOC and UIC for target FingerprintTests
[ 41%] Built target platform_autogen
[ 41%] Building CXX object src/lib/platform/CMakeFiles/platform.dir/platform_autogen/mocs_compilation.cpp.o
[ 41%] Building CXX object src/lib/platform/CMakeFiles/platform.dir/IOSXKeyResource.cpp.o
[ 41%] Built target FingerprintTests_autogen
[ 41%] Built target FingerprintDatabaseTests_autogen
[ 42%] Building CXX object src/lib/platform/CMakeFiles/platform.dir/OSXClipboard.cpp.o
[ 42%] Built target SecureUtilsTests_autogen
[ 42%] Building CXX object src/unittests/net/CMakeFiles/FingerprintTests.dir/FingerprintTests_autogen/mocs_compilation.cpp.o
[ 43%] Building CXX object src/unittests/net/CMakeFiles/FingerprintTests.dir/FingerprintTests.cpp.o
[ 43%] Building CXX object src/lib/platform/CMakeFiles/platform.dir/OSXClipboardAnyBitmapConverter.cpp.o
[ 43%] Building CXX object src/unittests/net/CMakeFiles/FingerprintDatabaseTests.dir/FingerprintDatabaseTests_autogen/mocs_compilation.cpp.o
[ 43%] Building CXX object src/lib/platform/CMakeFiles/platform.dir/OSXClipboardAnyTextConverter.cpp.o
[ 43%] Building CXX object src/unittests/net/CMakeFiles/FingerprintDatabaseTests.dir/FingerprintDatabaseTests.cpp.o
[ 43%] Linking CXX executable FingerprintTests
[ 43%] Built target FingerprintTests
[ 44%] Building CXX object src/lib/platform/CMakeFiles/platform.dir/OSXClipboardBMPConverter.cpp.o
[ 45%] Building CXX object src/unittests/net/CMakeFiles/SecureUtilsTests.dir/SecureUtilsTests_autogen/mocs_compilation.cpp.o
[ 45%] Building CXX object src/lib/platform/CMakeFiles/platform.dir/OSXClipboardHTMLConverter.cpp.o
[ 45%] Building CXX object src/unittests/net/CMakeFiles/SecureUtilsTests.dir/SecureUtilsTests.cpp.o
[ 46%] Linking CXX executable FingerprintDatabaseTests
[ 46%] Built target FingerprintDatabaseTests
[ 46%] Building CXX object src/lib/platform/CMakeFiles/platform.dir/OSXClipboardTextConverter.cpp.o
[ 46%] Building CXX object src/lib/platform/CMakeFiles/platform.dir/OSXClipboardUTF8Converter.cpp.o
[ 47%] Building CXX object src/lib/platform/CMakeFiles/platform.dir/OSXClipboardUTF16Converter.cpp.o
[ 47%] Building C object src/lib/platform/CMakeFiles/platform.dir/OSXCocoaApp.m.o
[ 47%] Building CXX object src/lib/platform/CMakeFiles/platform.dir/OSXComputer.mm.o
[ 48%] Building CXX object src/lib/platform/CMakeFiles/platform.dir/OSXEventQueueBuffer.cpp.o
[ 48%] Building CXX object src/lib/platform/CMakeFiles/platform.dir/OSXKeyLayoutResource.cpp.o
[ 48%] Linking CXX executable SecureUtilsTests
ld: warning: object file (/opt/homebrew/Cellar/openssl@3/3.6.4/lib/libcrypto.a[2](libcrypto-lib-aes-sha1-armv8.o)) was built for newer 'macOS' version (15.0) than being linked (14.0)
ld: warning: object file (/opt/homebrew/Cellar/openssl@3/3.6.4/lib/libcrypto.a[3](libcrypto-lib-aes-sha256-armv8.o)) was built for newer 'macOS' version (15.0) than being linked (14.0)
ld: warning: object file (/opt/homebrew/Cellar/openssl@3/3.6.4/lib/libcrypto.a[4](libcrypto-lib-aes-sha512-armv8.o)) was built for newer 'macOS' version (15.0) than being linked (14.0)
ld: warning: object file (/opt/homebrew/Cellar/openssl@3/3.6.4/lib/libcrypto.a[5](libcrypto-lib-aes_cbc.o)) was built for newer 'macOS' version (15.0) than being linked (14.0)
ld: warning: object file (/opt/homebrew/Cellar/openssl@3/3.6.4/lib/libcrypto.a[7](libcrypto-lib-aes_core.o)) was built for newer 'macOS' version (15.0) than being linked (14.0)
ld: warning: object file (/opt/homebrew/Cellar/openssl@3/3.6.4/lib/libcrypto.a[13](libcrypto-lib-aesv8-armx.o)) was built for newer 'macOS' version (15.0) than being linked (14.0)
ld: warning: object file (/opt/homebrew/Cellar/openssl@3/3.6.4/lib/libcrypto.a[14](libcrypto-lib-bsaes-armv8.o)) was built for newer 'macOS' version (15.0) than being linked (14.0)
ld: warning: object file (/opt/homebrew/Cellar/openssl@3/3.6.4/lib/libcrypto.a[15](libcrypto-lib-vpaes-armv8.o)) was built for newer 'macOS' version (15.0) than being linked (14.0)
ld: warning: object file (/opt/homebrew/Cellar/openssl@3/3.6.4/lib/libcrypto.a[16](libcrypto-lib-aria.o)) was built for newer 'macOS' version (15.0) than being linked (14.0)
ld: warning: object file (/opt/homebrew/Cellar/openssl@3/3.6.4/lib/libcrypto.a[17](libcrypto-lib-a_bitstr.o)) was built for newer 'macOS' version (15.0) than being linked (14.0)
ld: warning: object file (/opt/homebrew/Cellar/openssl@3/3.6.4/lib/libcrypto.a[18](libcrypto-lib-a_d2i_fp.o)) was built for newer 'macOS' version (15.0) than being linked (14.0)
ld: warning: object file (/opt/homebrew/Cellar/openssl@3/3.6.4/lib/libcrypto.a[19](libcrypto-lib-a_digest.o)) was built for newer 'macOS' version (15.0) than being linked (14.0)
ld: warning: object file (/opt/homebrew/Cellar/openssl@3/3.6.4/lib/libcrypto.a[20](libcrypto-lib-a_dup.o)) was built for newer 'macOS' version (15.0) than being linked (14.0)
ld: warning: object file (/opt/homebrew/Cellar/openssl@3/3.6.4/lib/libcrypto.a[21](libcrypto-lib-a_gentm.o)) was built for newer 'macOS' version (15.0) than being linked (14.0)
ld: warning: object file (/opt/homebrew/Cellar/openssl@3/3.6.4/lib/libcrypto.a[22](libcrypto-lib-a_i2d_fp.o)) was built for newer 'macOS' version (15.0) than being linked (14.0)
ld: warning: object file (/opt/homebrew/Cellar/openssl@3/3.6.4/lib/libcrypto.a[23](libcrypto-lib-a_int.o)) was built for newer 'macOS' version (15.0) than being linked (14.0)
ld: warning: object file (/opt/homebrew/Cellar/openssl@3/3.6.4/lib/libcrypto.a[24](libcrypto-lib-a_mbstr.o)) was built for newer 'macOS' version (15.0) than being linked (14.0)
ld: warning: object file (/opt/homebrew/Cellar/openssl@3/3.6.4/lib/libcrypto.a[25](libcrypto-lib-a_object.o)) was built for newer 'macOS' version (15.0) than being linked (14.0)
ld: warning: object file (/opt/homebrew/Cellar/openssl@3/3.6.4/lib/libcrypto.a[26](libcrypto-lib-a_octet.o)) was built for newer 'macOS' version (15.0) than being linked (14.0)
ld: warning: object file (/opt/homebrew/Cellar/openssl@3/3.6.4/lib/libcrypto.a[27](libcrypto-lib-a_print.o)) was built for newer 'macOS' version (15.0) than being linked (14.0)
ld: warning: object file (/opt/homebrew/Cellar/openssl@3/3.6.4/lib/libcrypto.a[28](libcrypto-lib-a_sign.o)) was built for newer 'macOS' version (15.0) than being linked (14.0)
ld: warning: object file (/opt/homebrew/Cellar/openssl@3/3.6.4/lib/libcrypto.a[29](libcrypto-lib-a_strex.o)) was built for newer 'macOS' version (15.0) than being linked (14.0)
ld: warning: object file (/opt/homebrew/Cellar/openssl@3/3.6.4/lib/libcrypto.a[30](libcrypto-lib-a_strnid.o)) was built for newer 'macOS' version (15.0) than being linked (14.0)
ld: warning: object file (/opt/homebrew/Cellar/openssl@3/3.6.4/lib/libcrypto.a[31](libcrypto-lib-a_time.o)) was built for newer 'macOS' version (15.0) than being linked (14.0)
ld: warning: object file (/opt/homebrew/Cellar/openssl@3/3.6.4/lib/libcrypto.a[32](libcrypto-lib-a_type.o)) was built for newer 'macOS' version (15.0) than being linked (14.0)
ld: warning: object file (/opt/homebrew/Cellar/openssl@3/3.6.4/lib/libcrypto.a[33](libcrypto-lib-a_utctm.o)) was built for newer 'macOS' version (15.0) than being linked (14.0)
ld: warning: object file (/opt/homebrew/Cellar/openssl@3/3.6.4/lib/libcrypto.a[34](libcrypto-lib-a_utf8.o)) was built for newer 'macOS' version (15.0) than being linked (14.0)
ld: warning: object file (/opt/homebrew/Cellar/openssl@3/3.6.4/lib/libcrypto.a[35](libcrypto-lib-a_verify.o)) was built for newer 'macOS' version (15.0) than being linked (14.0)
ld: warning: object file (/opt/homebrew/Cellar/openssl@3/3.6.4/lib/libcrypto.a[36](libcrypto-lib-ameth_lib.o)) was built for newer 'macOS' version (15.0) than being linked (14.0)
ld: warning: object file (/opt/homebrew/Cellar/openssl@3/3.6.4/lib/libcrypto.a[37](libcrypto-lib-asn1_err.o)) was built for newer 'macOS' version (15.0) than being linked (14.0)
ld: warning: object file (/opt/homebrew/Cellar/openssl@3/3.6.4/lib/libcrypto.a[38](libcrypto-lib-asn1_gen.o)) was built for newer 'macOS' version (15.0) than being linked (14.0)
ld: warning: object file (/opt/homebrew/Cellar/openssl@3/3.6.4/lib/libcrypto.a[40](libcrypto-lib-asn1_lib.o)) was built for newer 'macOS' version (15.0) than being linked (14.0)
ld: warning: object file (/opt/homebrew/Cellar/openssl@3/3.6.4/lib/libcrypto.a[41](libcrypto-lib-asn1_parse.o)) was built for newer 'macOS' version (15.0) than being linked (14.0)
ld: warning: object file (/opt/homebrew/Cellar/openssl@3/3.6.4/lib/libcrypto.a[43](libcrypto-lib-asn_moid.o)) was built for newer 'macOS' version (15.0) than being linked (14.0)
ld: warning: object file (/opt/homebrew/Cellar/openssl@3/3.6.4/lib/libcrypto.a[44](libcrypto-lib-asn_mstbl.o)) was built for newer 'macOS' version (15.0) than being linked (14.0)
ld: warning: object file (/opt/homebrew/Cellar/openssl@3/3.6.4/lib/libcrypto.a[45](libcrypto-lib-asn_pack.o)) was built for newer 'macOS' version (15.0) than being linked (14.0)
ld: warning: object file (/opt/homebrew/Cellar/openssl@3/3.6.4/lib/libcrypto.a[49](libcrypto-lib-d2i_pr.o)) was built for newer 'macOS' version (15.0) than being linked (14.0)
ld: warning: object file (/opt/homebrew/Cellar/openssl@3/3.6.4/lib/libcrypto.a[51](libcrypto-lib-evp_asn1.o)) was built for newer 'macOS' version (15.0) than being linked (14.0)
ld: warning: object file (/opt/homebrew/Cellar/openssl@3/3.6.4/lib/libcrypto.a[52](libcrypto-lib-f_int.o)) was built for newer 'macOS' version (15.0) than being linked (14.0)
ld: warning: object file (/opt/homebrew/Cellar/openssl@3/3.6.4/lib/libcrypto.a[53](libcrypto-lib-f_string.o)) was built for newer 'macOS' version (15.0) than being linked (14.0)
ld: warning: object file (/opt/homebrew/Cellar/openssl@3/3.6.4/lib/libcrypto.a[54](libcrypto-lib-i2d_evp.o)) was built for newer 'macOS' version (15.0) than being linked (14.0)
ld: warning: object file (/opt/homebrew/Cellar/openssl@3/3.6.4/lib/libcrypto.a[56](libcrypto-lib-nsseq.o)) was built for newer 'macOS' version (15.0) than being linked (14.0)
ld: warning: object file (/opt/homebrew/Cellar/openssl@3/3.6.4/lib/libcrypto.a[57](libcrypto-lib-p5_pbe.o)) was built for newer 'macOS' version (15.0) than being linked (14.0)
ld: warning: object file (/opt/homebrew/Cellar/openssl@3/3.6.4/lib/libcrypto.a[58](libcrypto-lib-p5_pbev2.o)) was built for newer 'macOS' version (15.0) than being linked (14.0)
ld: warning: object file (/opt/homebrew/Cellar/openssl@3/3.6.4/lib/libcrypto.a[59](libcrypto-lib-p5_scrypt.o)) was built for newer 'macOS' version (15.0) than being linked (14.0)
ld: warning: object file (/opt/homebrew/Cellar/openssl@3/3.6.4/lib/libcrypto.a[60](libcrypto-lib-p8_pkey.o)) was built for newer 'macOS' version (15.0) than being linked (14.0)
ld: warning: object file (/opt/homebrew/Cellar/openssl@3/3.6.4/lib/libcrypto.a[62](libcrypto-lib-t_pkey.o)) was built for newer 'macOS' version (15.0) than being linked (14.0)
ld: warning: object file (/opt/homebrew/Cellar/openssl@3/3.6.4/lib/libcrypto.a[64](libcrypto-lib-tasn_dec.o)) was built for newer 'macOS' version (15.0) than being linked (14.0)
ld: warning: object file (/opt/homebrew/Cellar/openssl@3/3.6.4/lib/libcrypto.a[65](libcrypto-lib-tasn_enc.o)) was built for newer 'macOS' version (15.0) than being linked (14.0)
ld: warning: object file (/opt/homebrew/Cellar/openssl@3/3.6.4/lib/libcrypto.a[66](libcrypto-lib-tasn_fre.o)) was built for newer 'macOS' version (15.0) than being linked (14.0)
ld: warning: object file (/opt/homebrew/Cellar/openssl@3/3.6.4/lib/libcrypto.a[67](libcrypto-lib-tasn_new.o)) was built for newer 'macOS' version (15.0) than being linked (14.0)
ld: warning: object file (/opt/homebrew/Cellar/openssl@3/3.6.4/lib/libcrypto.a[68](libcrypto-lib-tasn_prn.o)) was built for newer 'macOS' version (15.0) than being linked (14.0)
ld: warning: object file (/opt/homebrew/Cellar/openssl@3/3.6.4/lib/libcrypto.a[70](libcrypto-lib-tasn_typ.o)) was built for newer 'macOS' version (15.0) than being linked (14.0)
ld: warning: object file (/opt/homebrew/Cellar/openssl@3/3.6.4/lib/libcrypto.a[71](libcrypto-lib-tasn_utl.o)) was built for newer 'macOS' version (15.0) than being linked (14.0)
ld: warning: object file (/opt/homebrew/Cellar/openssl@3/3.6.4/lib/libcrypto.a[72](libcrypto-lib-x_algor.o)) was built for newer 'macOS' version (15.0) than being linked (14.0)
ld: warning: object file (/opt/homebrew/Cellar/openssl@3/3.6.4/lib/libcrypto.a[73](libcrypto-lib-x_bignum.o)) was built for newer 'macOS' version (15.0) than being linked (14.0)
ld: warning: object file (/opt/homebrew/Cellar/openssl@3/3.6.4/lib/libcrypto.a[75](libcrypto-lib-x_int64.o)) was built for newer 'macOS' version (15.0) than being linked (14.0)
ld: warning: object file (/opt/homebrew/Cellar/openssl@3/3.6.4/lib/libcrypto.a[78](libcrypto-lib-x_sig.o)) was built for newer 'macOS' version (15.0) than being linked (14.0)
ld: warning: object file (/opt/homebrew/Cellar/openssl@3/3.6.4/lib/libcrypto.a[79](libcrypto-lib-x_spki.o)) was built for newer 'macOS' version (15.0) than being linked (14.0)
ld: warning: object file (/opt/homebrew/Cellar/openssl@3/3.6.4/lib/libcrypto.a[80](libcrypto-lib-x_val.o)) was built for newer 'macOS' version (15.0) than being linked (14.0)
ld: warning: object file (/opt/homebrew/Cellar/openssl@3/3.6.4/lib/libcrypto.a[82](libcrypto-lib-async_posix.o)) was built for newer 'macOS' version (15.0) than being linked (14.0)
ld: warning: object file (/opt/homebrew/Cellar/openssl@3/3.6.4/lib/libcrypto.a[84](libcrypto-lib-async.o)) was built for newer 'macOS' version (15.0) than being linked (14.0)
ld: warning: object file (/opt/homebrew/Cellar/openssl@3/3.6.4/lib/libcrypto.a[85](libcrypto-lib-async_err.o)) was built for newer 'macOS' version (15.0) than being linked (14.0)
ld: warning: object file (/opt/homebrew/Cellar/openssl@3/3.6.4/lib/libcrypto.a[86](libcrypto-lib-async_wait.o)) was built for newer 'macOS' version (15.0) than being linked (14.0)
ld: warning: object file (/opt/homebrew/Cellar/openssl@3/3.6.4/lib/libcrypto.a[87](libcrypto-lib-bf_cfb64.o)) was built for newer 'macOS' version (15.0) than being linked (14.0)
ld: warning: object file (/opt/homebrew/Cellar/openssl@3/3.6.4/lib/libcrypto.a[88](libcrypto-lib-bf_ecb.o)) was built for newer 'macOS' version (15.0) than being linked (14.0)
ld: warning: object file (/opt/homebrew/Cellar/openssl@3/3.6.4/lib/libcrypto.a[89](libcrypto-lib-bf_enc.o)) was built for newer 'macOS' version (15.0) than being linked (14.0)
ld: warning: object file (/opt/homebrew/Cellar/openssl@3/3.6.4/lib/libcrypto.a[90](libcrypto-lib-bf_ofb64.o)) was built for newer 'macOS' version (15.0) than being linked (14.0)
ld: warning: object file (/opt/homebrew/Cellar/openssl@3/3.6.4/lib/libcrypto.a[91](libcrypto-lib-bf_skey.o)) was built for newer 'macOS' version (15.0) than being linked (14.0)
ld: warning: object file (/opt/homebrew/Cellar/openssl@3/3.6.4/lib/libcrypto.a[92](libcrypto-lib-bf_buff.o)) was built for newer 'macOS' version (15.0) than being linked (14.0)
ld: warning: object file (/opt/homebrew/Cellar/openssl@3/3.6.4/lib/libcrypto.a[96](libcrypto-lib-bf_prefix.o)) was built for newer 'macOS' version (15.0) than being linked (14.0)
ld: warning: object file (/opt/homebrew/Cellar/openssl@3/3.6.4/lib/libcrypto.a[97](libcrypto-lib-bf_readbuff.o)) was built for newer 'macOS' version (15.0) than being linked (14.0)
ld: warning: object file (/opt/homebrew/Cellar/openssl@3/3.6.4/lib/libcrypto.a[98](libcrypto-lib-bio_addr.o)) was built for newer 'macOS' version (15.0) than being linked (14.0)
ld: warning: object file (/opt/homebrew/Cellar/openssl@3/3.6.4/lib/libcrypto.a[100](libcrypto-lib-bio_dump.o)) was built for newer 'macOS' version (15.0) than being linked (14.0)
ld: warning: object file (/opt/homebrew/Cellar/openssl@3/3.6.4/lib/libcrypto.a[101](libcrypto-lib-bio_err.o)) was built for newer 'macOS' version (15.0) than being linked (14.0)
ld: warning: object file (/opt/homebrew/Cellar/openssl@3/3.6.4/lib/libcrypto.a[102](libcrypto-lib-bio_lib.o)) was built for newer 'macOS' version (15.0) than being linked (14.0)
ld: warning: object file (/opt/homebrew/Cellar/openssl@3/3.6.4/lib/libcrypto.a[103](libcrypto-lib-bio_meth.o)) was built for newer 'macOS' version (15.0) than being linked (14.0)
ld: warning: object file (/opt/homebrew/Cellar/openssl@3/3.6.4/lib/libcrypto.a[104](libcrypto-lib-bio_print.o)) was built for newer 'macOS' version (15.0) than being linked (14.0)
ld: warning: object file (/opt/homebrew/Cellar/openssl@3/3.6.4/lib/libcrypto.a[105](libcrypto-lib-bio_sock.o)) was built for newer 'macOS' version (15.0) than being linked (14.0)
ld: warning: object file (/opt/homebrew/Cellar/openssl@3/3.6.4/lib/libcrypto.a[106](libcrypto-lib-bio_sock2.o)) was built for newer 'macOS' version (15.0) than being linked (14.0)
ld: warning: object file (/opt/homebrew/Cellar/openssl@3/3.6.4/lib/libcrypto.a[109](libcrypto-lib-bss_conn.o)) was built for newer 'macOS' version (15.0) than being linked (14.0)
ld: warning: object file (/opt/homebrew/Cellar/openssl@3/3.6.4/lib/libcrypto.a[110](libcrypto-lib-bss_core.o)) was built for newer 'macOS' version (15.0) than being linked (14.0)
ld: warning: object file (/opt/homebrew/Cellar/openssl@3/3.6.4/lib/libcrypto.a[111](libcrypto-lib-bss_dgram.o)) was built for newer 'macOS' version (15.0) than being linked (14.0)
ld: warning: object file (/opt/homebrew/Cellar/openssl@3/3.6.4/lib/libcrypto.a[114](libcrypto-lib-bss_file.o)) was built for newer 'macOS' version (15.0) than being linked (14.0)
ld: warning: object file (/opt/homebrew/Cellar/openssl@3/3.6.4/lib/libcrypto.a[116](libcrypto-lib-bss_mem.o)) was built for newer 'macOS' version (15.0) than being linked (14.0)
ld: warning: object file (/opt/homebrew/Cellar/openssl@3/3.6.4/lib/libcrypto.a[117](libcrypto-lib-bss_null.o)) was built for newer 'macOS' version (15.0) than being linked (14.0)
ld: warning: object file (/opt/homebrew/Cellar/openssl@3/3.6.4/lib/libcrypto.a[118](libcrypto-lib-bss_sock.o)) was built for newer 'macOS' version (15.0) than being linked (14.0)
ld: warning: object file (/opt/homebrew/Cellar/openssl@3/3.6.4/lib/libcrypto.a[119](libcrypto-lib-ossl_core_bio.o)) was built for newer 'macOS' version (15.0) than being linked (14.0)
ld: warning: object file (/opt/homebrew/Cellar/openssl@3/3.6.4/lib/libcrypto.a[120](libcrypto-lib-armv8-mont.o)) was built for newer 'macOS' version (15.0) than being linked (14.0)
ld: warning: object file (/opt/homebrew/Cellar/openssl@3/3.6.4/lib/libcrypto.a[121](libcrypto-lib-bn_add.o)) was built for newer 'macOS' version (15.0) than being linked (14.0)
ld: warning: object file (/opt/homebrew/Cellar/openssl@3/3.6.4/lib/libcrypto.a[122](libcrypto-lib-bn_asm.o)) was built for newer 'macOS' version (15.0) than being linked (14.0)
ld: warning: object file (/opt/homebrew/Cellar/openssl@3/3.6.4/lib/libcrypto.a[123](libcrypto-lib-bn_blind.o)) was built for newer 'macOS' version (15.0) than being linked (14.0)
ld: warning: object file (/opt/homebrew/Cellar/openssl@3/3.6.4/lib/libcrypto.a[125](libcrypto-lib-bn_conv.o)) was built for newer 'macOS' version (15.0) than being linked (14.0)
ld: warning: object file (/opt/homebrew/Cellar/openssl@3/3.6.4/lib/libcrypto.a[126](libcrypto-lib-bn_ctx.o)) was built for newer 'macOS' version (15.0) than being linked (14.0)
ld: warning: object file (/opt/homebrew/Cellar/openssl@3/3.6.4/lib/libcrypto.a[128](libcrypto-lib-bn_dh.o)) was built for newer 'macOS' version (15.0) than being linked (14.0)
ld: warning: object file (/opt/homebrew/Cellar/openssl@3/3.6.4/lib/libcrypto.a[129](libcrypto-lib-bn_div.o)) was built for newer 'macOS' version (15.0) than being linked (14.0)
ld: warning: object file (/opt/homebrew/Cellar/openssl@3/3.6.4/lib/libcrypto.a[130](libcrypto-lib-bn_err.o)) was built for newer 'macOS' version (15.0) than being linked (14.0)
ld: warning: object file (/opt/homebrew/Cellar/openssl@3/3.6.4/lib/libcrypto.a[131](libcrypto-lib-bn_exp.o)) was built for newer 'macOS' version (15.0) than being linked (14.0)
ld: warning: object file (/opt/homebrew/Cellar/openssl@3/3.6.4/lib/libcrypto.a[132](libcrypto-lib-bn_exp2.o)) was built for newer 'macOS' version (15.0) than being linked (14.0)
ld: warning: object file (/opt/homebrew/Cellar/openssl@3/3.6.4/lib/libcrypto.a[133](libcrypto-lib-bn_gcd.o)) was built for newer 'macOS' version (15.0) than being linked (14.0)
ld: warning: object file (/opt/homebrew/Cellar/openssl@3/3.6.4/lib/libcrypto.a[134](libcrypto-lib-bn_gf2m.o)) was built for newer 'macOS' version (15.0) than being linked (14.0)
ld: warning: object file (/opt/homebrew/Cellar/openssl@3/3.6.4/lib/libcrypto.a[135](libcrypto-lib-bn_intern.o)) was built for newer 'macOS' version (15.0) than being linked (14.0)
ld: warning: object file (/opt/homebrew/Cellar/openssl@3/3.6.4/lib/libcrypto.a[136](libcrypto-lib-bn_kron.o)) was built for newer 'macOS' version (15.0) than being linked (14.0)
ld: warning: object file (/opt/homebrew/Cellar/openssl@3/3.6.4/lib/libcrypto.a[137](libcrypto-lib-bn_lib.o)) was built for newer 'macOS' version (15.0) than being linked (14.0)
ld: warning: object file (/opt/homebrew/Cellar/openssl@3/3.6.4/lib/libcrypto.a[138](libcrypto-lib-bn_mod.o)) was built for newer 'macOS' version (15.0) than being linked (14.0)
ld: warning: object file (/opt/homebrew/Cellar/openssl@3/3.6.4/lib/libcrypto.a[139](libcrypto-lib-bn_mont.o)) was built for newer 'macOS' version (15.0) than being linked (14.0)
ld: warning: object file (/opt/homebrew/Cellar/openssl@3/3.6.4/lib/libcrypto.a[141](libcrypto-lib-bn_mul.o)) was built for newer 'macOS' version (15.0) than being linked (14.0)
ld: warning: object file (/opt/homebrew/Cellar/openssl@3/3.6.4/lib/libcrypto.a[142](libcrypto-lib-bn_nist.o)) was built for newer 'macOS' version (15.0) than being linked (14.0)
ld: warning: object file (/opt/homebrew/Cellar/openssl@3/3.6.4/lib/libcrypto.a[143](libcrypto-lib-bn_prime.o)) was built for newer 'macOS' version (15.0) than being linked (14.0)
ld: warning: object file (/opt/homebrew/Cellar/openssl@3/3.6.4/lib/libcrypto.a[144](libcrypto-lib-bn_print.o)) was built for newer 'macOS' version (15.0) than being linked (14.0)
ld: warning: object file (/opt/homebrew/Cellar/openssl@3/3.6.4/lib/libcrypto.a[145](libcrypto-lib-bn_rand.o)) was built for newer 'macOS' version (15.0) than being linked (14.0)
ld: warning: object file (/opt/homebrew/Cellar/openssl@3/3.6.4/lib/libcrypto.a[146](libcrypto-lib-bn_recp.o)) was built for newer 'macOS' version (15.0) than being linked (14.0)
ld: warning: object file (/opt/homebrew/Cellar/openssl@3/3.6.4/lib/libcrypto.a[147](libcrypto-lib-bn_rsa_fips186_4.o)) was built for newer 'macOS' version (15.0) than being linked (14.0)
ld: warning: object file (/opt/homebrew/Cellar/openssl@3/3.6.4/lib/libcrypto.a[148](libcrypto-lib-bn_shift.o)) was built for newer 'macOS' version (15.0) than being linked (14.0)
ld: warning: object file (/opt/homebrew/Cellar/openssl@3/3.6.4/lib/libcrypto.a[149](libcrypto-lib-bn_sqr.o)) was built for newer 'macOS' version (15.0) than being linked (14.0)
ld: warning: object file (/opt/homebrew/Cellar/openssl@3/3.6.4/lib/libcrypto.a[150](libcrypto-lib-bn_sqrt.o)) was built for newer 'macOS' version (15.0) than being linked (14.0)
ld: warning: object file (/opt/homebrew/Cellar/openssl@3/3.6.4/lib/libcrypto.a[152](libcrypto-lib-bn_word.o)) was built for newer 'macOS' version (15.0) than being linked (14.0)
ld: warning: object file (/opt/homebrew/Cellar/openssl@3/3.6.4/lib/libcrypto.a[154](libcrypto-lib-buf_err.o)) was built for newer 'macOS' version (15.0) than being linked (14.0)
ld: warning: object file (/opt/homebrew/Cellar/openssl@3/3.6.4/lib/libcrypto.a[155](libcrypto-lib-buffer.o)) was built for newer 'macOS' version (15.0) than being linked (14.0)
ld: warning: object file (/opt/homebrew/Cellar/openssl@3/3.6.4/lib/libcrypto.a[156](libcrypto-lib-camellia.o)) was built for newer 'macOS' version (15.0) than being linked (14.0)
ld: warning: object file (/opt/homebrew/Cellar/openssl@3/3.6.4/lib/libcrypto.a[157](libcrypto-lib-cmll_cbc.o)) was built for newer 'macOS' version (15.0) than being linked (14.0)
ld: warning: object file (/opt/homebrew/Cellar/openssl@3/3.6.4/lib/libcrypto.a[161](libcrypto-lib-cmll_misc.o)) was built for newer 'macOS' version (15.0) than being linked (14.0)
ld: warning: object file (/opt/homebrew/Cellar/openssl@3/3.6.4/lib/libcrypto.a[163](libcrypto-lib-c_cfb64.o)) was built for newer 'macOS' version (15.0) than being linked (14.0)
ld: warning: object file (/opt/homebrew/Cellar/openssl@3/3.6.4/lib/libcrypto.a[164](libcrypto-lib-c_ecb.o)) was built for newer 'macOS' version (15.0) than being linked (14.0)
ld: warning: object file (/opt/homebrew/Cellar/openssl@3/3.6.4/lib/libcrypto.a[165](libcrypto-lib-c_enc.o)) was built for newer 'macOS' version (15.0) than being linked (14.0)
ld: warning: object file (/opt/homebrew/Cellar/openssl@3/3.6.4/lib/libcrypto.a[166](libcrypto-lib-c_ofb64.o)) was built for newer 'macOS' version (15.0) than being linked (14.0)
ld: warning: object file (/opt/homebrew/Cellar/openssl@3/3.6.4/lib/libcrypto.a[167](libcrypto-lib-c_skey.o)) was built for newer 'macOS' version (15.0) than being linked (14.0)
ld: warning: object file (/opt/homebrew/Cellar/openssl@3/3.6.4/lib/libcrypto.a[168](libcrypto-lib-chacha-armv8-sve.o)) was built for newer 'macOS' version (15.0) than being linked (14.0)
ld: warning: object file (/opt/homebrew/Cellar/openssl@3/3.6.4/lib/libcrypto.a[169](libcrypto-lib-chacha-armv8.o)) was built for newer 'macOS' version (15.0) than being linked (14.0)
ld: warning: object file (/opt/homebrew/Cellar/openssl@3/3.6.4/lib/libcrypto.a[170](libcrypto-lib-cmac.o)) was built for newer 'macOS' version (15.0) than being linked (14.0)
ld: warning: object file (/opt/homebrew/Cellar/openssl@3/3.6.4/lib/libcrypto.a[174](libcrypto-lib-cmp_err.o)) was built for newer 'macOS' version (15.0) than being linked (14.0)
ld: warning: object file (/opt/homebrew/Cellar/openssl@3/3.6.4/lib/libcrypto.a[182](libcrypto-lib-cmp_util.o)) was built for newer 'macOS' version (15.0) than being linked (14.0)
ld: warning: object file (/opt/homebrew/Cellar/openssl@3/3.6.4/lib/libcrypto.a[192](libcrypto-lib-cms_err.o)) was built for newer 'macOS' version (15.0) than being linked (14.0)
ld: warning: object file (/opt/homebrew/Cellar/openssl@3/3.6.4/lib/libcrypto.a[203](libcrypto-lib-c_brotli.o)) was built for newer 'macOS' version (15.0) than being linked (14.0)
ld: warning: object file (/opt/homebrew/Cellar/openssl@3/3.6.4/lib/libcrypto.a[204](libcrypto-lib-c_zlib.o)) was built for newer 'macOS' version (15.0) than being linked (14.0)
ld: warning: object file (/opt/homebrew/Cellar/openssl@3/3.6.4/lib/libcrypto.a[205](libcrypto-lib-c_zstd.o)) was built for newer 'macOS' version (15.0) than being linked (14.0)
ld: warning: object file (/opt/homebrew/Cellar/openssl@3/3.6.4/lib/libcrypto.a[206](libcrypto-lib-comp_err.o)) was built for newer 'macOS' version (15.0) than being linked (14.0)
ld: warning: object file (/opt/homebrew/Cellar/openssl@3/3.6.4/lib/libcrypto.a[207](libcrypto-lib-comp_lib.o)) was built for newer 'macOS' version (15.0) than being linked (14.0)
ld: warning: object file (/opt/homebrew/Cellar/openssl@3/3.6.4/lib/libcrypto.a[208](libcrypto-lib-conf_api.o)) was built for newer 'macOS' version (15.0) than being linked (14.0)
ld: warning: object file (/opt/homebrew/Cellar/openssl@3/3.6.4/lib/libcrypto.a[209](libcrypto-lib-conf_def.o)) was built for newer 'macOS' version (15.0) than being linked (14.0)
ld: warning: object file (/opt/homebrew/Cellar/openssl@3/3.6.4/lib/libcrypto.a[210](libcrypto-lib-conf_err.o)) was built for newer 'macOS' version (15.0) than being linked (14.0)
ld: warning: object file (/opt/homebrew/Cellar/openssl@3/3.6.4/lib/libcrypto.a[211](libcrypto-lib-conf_lib.o)) was built for newer 'macOS' version (15.0) than being linked (14.0)
ld: warning: object file (/opt/homebrew/Cellar/openssl@3/3.6.4/lib/libcrypto.a[212](libcrypto-lib-conf_mall.o)) was built for newer 'macOS' version (15.0) than being linked (14.0)
ld: warning: object file (/opt/homebrew/Cellar/openssl@3/3.6.4/lib/libcrypto.a[213](libcrypto-lib-conf_mod.o)) was built for newer 'macOS' version (15.0) than being linked (14.0)
ld: warning: object file (/opt/homebrew/Cellar/openssl@3/3.6.4/lib/libcrypto.a[214](libcrypto-lib-conf_sap.o)) was built for newer 'macOS' version (15.0) than being linked (14.0)
ld: warning: object file (/opt/homebrew/Cellar/openssl@3/3.6.4/lib/libcrypto.a[215](libcrypto-lib-conf_ssl.o)) was built for newer 'macOS' version (15.0) than being linked (14.0)
ld: warning: object file (/opt/homebrew/Cellar/openssl@3/3.6.4/lib/libcrypto.a[217](libcrypto-lib-crmf_err.o)) was built for newer 'macOS' version (15.0) than being linked (14.0)
ld: warning: object file (/opt/homebrew/Cellar/openssl@3/3.6.4/lib/libcrypto.a[220](libcrypto-lib-ct_b64.o)) was built for newer 'macOS' version (15.0) than being linked (14.0)
ld: warning: object file (/opt/homebrew/Cellar/openssl@3/3.6.4/lib/libcrypto.a[221](libcrypto-lib-ct_err.o)) was built for newer 'macOS' version (15.0) than being linked (14.0)
ld: warning: object file (/opt/homebrew/Cellar/openssl@3/3.6.4/lib/libcrypto.a[222](libcrypto-lib-ct_log.o)) was built for newer 'macOS' version (15.0) than being linked (14.0)
ld: warning: object file (/opt/homebrew/Cellar/openssl@3/3.6.4/lib/libcrypto.a[223](libcrypto-lib-ct_oct.o)) was built for newer 'macOS' version (15.0) than being linked (14.0)
ld: warning: object file (/opt/homebrew/Cellar/openssl@3/3.6.4/lib/libcrypto.a[225](libcrypto-lib-ct_prn.o)) was built for newer 'macOS' version (15.0) than being linked (14.0)
ld: warning: object file (/opt/homebrew/Cellar/openssl@3/3.6.4/lib/libcrypto.a[226](libcrypto-lib-ct_sct.o)) was built for newer 'macOS' version (15.0) than being linked (14.0)
ld: warning: object file (/opt/homebrew/Cellar/openssl@3/3.6.4/lib/libcrypto.a[227](libcrypto-lib-ct_sct_ctx.o)) was built for newer 'macOS' version (15.0) than being linked (14.0)
ld: warning: object file (/opt/homebrew/Cellar/openssl@3/3.6.4/lib/libcrypto.a[228](libcrypto-lib-ct_vfy.o)) was built for newer 'macOS' version (15.0) than being linked (14.0)
ld: warning: object file (/opt/homebrew/Cellar/openssl@3/3.6.4/lib/libcrypto.a[229](libcrypto-lib-ct_x509v3.o)) was built for newer 'macOS' version (15.0) than being linked (14.0)
ld: warning: object file (/opt/homebrew/Cellar/openssl@3/3.6.4/lib/libcrypto.a[232](libcrypto-lib-cfb64ede.o)) was built for newer 'macOS' version (15.0) than being linked (14.0)
ld: warning: object file (/opt/homebrew/Cellar/openssl@3/3.6.4/lib/libcrypto.a[233](libcrypto-lib-cfb64enc.o)) was built for newer 'macOS' version (15.0) than being linked (14.0)
ld: warning: object file (/opt/homebrew/Cellar/openssl@3/3.6.4/lib/libcrypto.a[234](libcrypto-lib-cfb_enc.o)) was built for newer 'macOS' version (15.0) than being linked (14.0)
ld: warning: object file (/opt/homebrew/Cellar/openssl@3/3.6.4/lib/libcrypto.a[235](libcrypto-lib-des_enc.o)) was built for newer 'macOS' version (15.0) than being linked (14.0)
ld: warning: object file (/opt/homebrew/Cellar/openssl@3/3.6.4/lib/libcrypto.a[236](libcrypto-lib-ecb3_enc.o)) was built for newer 'macOS' version (15.0) than being linked (14.0)
ld: warning: object file (/opt/homebrew/Cellar/openssl@3/3.6.4/lib/libcrypto.a[237](libcrypto-lib-ecb_enc.o)) was built for newer 'macOS' version (15.0) than being linked (14.0)
ld: warning: object file (/opt/homebrew/Cellar/openssl@3/3.6.4/lib/libcrypto.a[240](libcrypto-lib-ofb64ede.o)) was built for newer 'macOS' version (15.0) than being linked (14.0)
ld: warning: object file (/opt/homebrew/Cellar/openssl@3/3.6.4/lib/libcrypto.a[241](libcrypto-lib-ofb64enc.o)) was built for newer 'macOS' version (15.0) than being linked (14.0)
ld: warning: object file (/opt/homebrew/Cellar/openssl@3/3.6.4/lib/libcrypto.a[246](libcrypto-lib-set_key.o)) was built for newer 'macOS' version (15.0) than being linked (14.0)
ld: warning: object file (/opt/homebrew/Cellar/openssl@3/3.6.4/lib/libcrypto.a[248](libcrypto-lib-xcbc_enc.o)) was built for newer 'macOS' version (15.0) than being linked (14.0)
ld: warning: object file (/opt/homebrew/Cellar/openssl@3/3.6.4/lib/libcrypto.a[249](libcrypto-lib-dh_ameth.o)) was built for newer 'macOS' version (15.0) than being linked (14.0)
ld: warning: object file (/opt/homebrew/Cellar/openssl@3/3.6.4/lib/libcrypto.a[250](libcrypto-lib-dh_asn1.o)) was built for newer 'macOS' version (15.0) than being linked (14.0)
ld: warning: object file (/opt/homebrew/Cellar/openssl@3/3.6.4/lib/libcrypto.a[251](libcrypto-lib-dh_backend.o)) was built for newer 'macOS' version (15.0) than being linked (14.0)
ld: warning: object file (/opt/homebrew/Cellar/openssl@3/3.6.4/lib/libcrypto.a[252](libcrypto-lib-dh_check.o)) was built for newer 'macOS' version (15.0) than being linked (14.0)
ld: warning: object file (/opt/homebrew/Cellar/openssl@3/3.6.4/lib/libcrypto.a[254](libcrypto-lib-dh_err.o)) was built for newer 'macOS' version (15.0) than being linked (14.0)
ld: warning: object file (/opt/homebrew/Cellar/openssl@3/3.6.4/lib/libcrypto.a[255](libcrypto-lib-dh_gen.o)) was built for newer 'macOS' version (15.0) than being linked (14.0)
ld: warning: object file (/opt/homebrew/Cellar/openssl@3/3.6.4/lib/libcrypto.a[256](libcrypto-lib-dh_group_params.o)) was built for newer 'macOS' version (15.0) than being linked (14.0)
ld: warning: object file (/opt/homebrew/Cellar/openssl@3/3.6.4/lib/libcrypto.a[257](libcrypto-lib-dh_kdf.o)) was built for newer 'macOS' version (15.0) than being linked (14.0)
ld: warning: object file (/opt/homebrew/Cellar/openssl@3/3.6.4/lib/libcrypto.a[258](libcrypto-lib-dh_key.o)) was built for newer 'macOS' version (15.0) than being linked (14.0)
ld: warning: object file (/opt/homebrew/Cellar/openssl@3/3.6.4/lib/libcrypto.a[259](libcrypto-lib-dh_lib.o)) was built for newer 'macOS' version (15.0) than being linked (14.0)
ld: warning: object file (/opt/homebrew/Cellar/openssl@3/3.6.4/lib/libcrypto.a[261](libcrypto-lib-dh_pmeth.o)) was built for newer 'macOS' version (15.0) than being linked (14.0)
ld: warning: object file (/opt/homebrew/Cellar/openssl@3/3.6.4/lib/libcrypto.a[264](libcrypto-lib-dsa_ameth.o)) was built for newer 'macOS' version (15.0) than being linked (14.0)
ld: warning: object file (/opt/homebrew/Cellar/openssl@3/3.6.4/lib/libcrypto.a[265](libcrypto-lib-dsa_asn1.o)) was built for newer 'macOS' version (15.0) than being linked (14.0)
ld: warning: object file (/opt/homebrew/Cellar/openssl@3/3.6.4/lib/libcrypto.a[266](libcrypto-lib-dsa_backend.o)) was built for newer 'macOS' version (15.0) than being linked (14.0)
ld: warning: object file (/opt/homebrew/Cellar/openssl@3/3.6.4/lib/libcrypto.a[267](libcrypto-lib-dsa_check.o)) was built for newer 'macOS' version (15.0) than being linked (14.0)
ld: warning: object file (/opt/homebrew/Cellar/openssl@3/3.6.4/lib/libcrypto.a[269](libcrypto-lib-dsa_err.o)) was built for newer 'macOS' version (15.0) than being linked (14.0)
ld: warning: object file (/opt/homebrew/Cellar/openssl@3/3.6.4/lib/libcrypto.a[270](libcrypto-lib-dsa_gen.o)) was built for newer 'macOS' version (15.0) than being linked (14.0)
ld: warning: object file (/opt/homebrew/Cellar/openssl@3/3.6.4/lib/libcrypto.a[271](libcrypto-lib-dsa_key.o)) was built for newer 'macOS' version (15.0) than being linked (14.0)
ld: warning: object file (/opt/homebrew/Cellar/openssl@3/3.6.4/lib/libcrypto.a[272](libcrypto-lib-dsa_lib.o)) was built for newer 'macOS' version (15.0) than being linked (14.0)
ld: warning: object file (/opt/homebrew/Cellar/openssl@3/3.6.4/lib/libcrypto.a[274](libcrypto-lib-dsa_ossl.o)) was built for newer 'macOS' version (15.0) than being linked (14.0)
ld: warning: object file (/opt/homebrew/Cellar/openssl@3/3.6.4/lib/libcrypto.a[275](libcrypto-lib-dsa_pmeth.o)) was built for newer 'macOS' version (15.0) than being linked (14.0)
ld: warning: object file (/opt/homebrew/Cellar/openssl@3/3.6.4/lib/libcrypto.a[277](libcrypto-lib-dsa_sign.o)) was built for newer 'macOS' version (15.0) than being linked (14.0)
ld: warning: object file (/opt/homebrew/Cellar/openssl@3/3.6.4/lib/libcrypto.a[278](libcrypto-lib-dsa_vrf.o)) was built for newer 'macOS' version (15.0) than being linked (14.0)
ld: warning: object file (/opt/homebrew/Cellar/openssl@3/3.6.4/lib/libcrypto.a[280](libcrypto-lib-dso_dlfcn.o)) was built for newer 'macOS' version (15.0) than being linked (14.0)
ld: warning: object file (/opt/homebrew/Cellar/openssl@3/3.6.4/lib/libcrypto.a[281](libcrypto-lib-dso_err.o)) was built for newer 'macOS' version (15.0) than being linked (14.0)
ld: warning: object file (/opt/homebrew/Cellar/openssl@3/3.6.4/lib/libcrypto.a[282](libcrypto-lib-dso_lib.o)) was built for newer 'macOS' version (15.0) than being linked (14.0)
ld: warning: object file (/opt/homebrew/Cellar/openssl@3/3.6.4/lib/libcrypto.a[287](libcrypto-lib-f_impl64.o)) was built for newer 'macOS' version (15.0) than being linked (14.0)
ld: warning: object file (/opt/homebrew/Cellar/openssl@3/3.6.4/lib/libcrypto.a[288](libcrypto-lib-curve448.o)) was built for newer 'macOS' version (15.0) than being linked (14.0)
ld: warning: object file (/opt/homebrew/Cellar/openssl@3/3.6.4/lib/libcrypto.a[289](libcrypto-lib-curve448_tables.o)) was built for newer 'macOS' version (15.0) than being linked (14.0)
ld: warning: object file (/opt/homebrew/Cellar/openssl@3/3.6.4/lib/libcrypto.a[290](libcrypto-lib-eddsa.o)) was built for newer 'macOS' version (15.0) than being linked (14.0)
ld: warning: object file (/opt/homebrew/Cellar/openssl@3/3.6.4/lib/libcrypto.a[291](libcrypto-lib-f_generic.o)) was built for newer 'macOS' version (15.0) than being linked (14.0)
ld: warning: object file (/opt/homebrew/Cellar/openssl@3/3.6.4/lib/libcrypto.a[292](libcrypto-lib-scalar.o)) was built for newer 'macOS' version (15.0) than being linked (14.0)
ld: warning: object file (/opt/homebrew/Cellar/openssl@3/3.6.4/lib/libcrypto.a[293](libcrypto-lib-curve25519.o)) was built for newer 'macOS' version (15.0) than being linked (14.0)
ld: warning: object file (/opt/homebrew/Cellar/openssl@3/3.6.4/lib/libcrypto.a[294](libcrypto-lib-ec2_oct.o)) was built for newer 'macOS' version (15.0) than being linked (14.0)
ld: warning: object file (/opt/homebrew/Cellar/openssl@3/3.6.4/lib/libcrypto.a[295](libcrypto-lib-ec2_smpl.o)) was built for newer 'macOS' version (15.0) than being linked (14.0)
ld: warning: object file (/opt/homebrew/Cellar/openssl@3/3.6.4/lib/libcrypto.a[296](libcrypto-lib-ec_ameth.o)) was built for newer 'macOS' version (15.0) than being linked (14.0)
ld: warning: object file (/opt/homebrew/Cellar/openssl@3/3.6.4/lib/libcrypto.a[297](libcrypto-lib-ec_asn1.o)) was built for newer 'macOS' version (15.0) than being linked (14.0)
ld: warning: object file (/opt/homebrew/Cellar/openssl@3/3.6.4/lib/libcrypto.a[298](libcrypto-lib-ec_backend.o)) was built for newer 'macOS' version (15.0) than being linked (14.0)
ld: warning: object file (/opt/homebrew/Cellar/openssl@3/3.6.4/lib/libcrypto.a[299](libcrypto-lib-ec_check.o)) was built for newer 'macOS' version (15.0) than being linked (14.0)
ld: warning: object file (/opt/homebrew/Cellar/openssl@3/3.6.4/lib/libcrypto.a[300](libcrypto-lib-ec_curve.o)) was built for newer 'macOS' version (15.0) than being linked (14.0)
ld: warning: object file (/opt/homebrew/Cellar/openssl@3/3.6.4/lib/libcrypto.a[301](libcrypto-lib-ec_cvt.o)) was built for newer 'macOS' version (15.0) than being linked (14.0)
ld: warning: object file (/opt/homebrew/Cellar/openssl@3/3.6.4/lib/libcrypto.a[303](libcrypto-lib-ec_err.o)) was built for newer 'macOS' version (15.0) than being linked (14.0)
ld: warning: object file (/opt/homebrew/Cellar/openssl@3/3.6.4/lib/libcrypto.a[304](libcrypto-lib-ec_key.o)) was built for newer 'macOS' version (15.0) than being linked (14.0)
ld: warning: object file (/opt/homebrew/Cellar/openssl@3/3.6.4/lib/libcrypto.a[305](libcrypto-lib-ec_kmeth.o)) was built for newer 'macOS' version (15.0) than being linked (14.0)
ld: warning: object file (/opt/homebrew/Cellar/openssl@3/3.6.4/lib/libcrypto.a[306](libcrypto-lib-ec_lib.o)) was built for newer 'macOS' version (15.0) than being linked (14.0)
ld: warning: object file (/opt/homebrew/Cellar/openssl@3/3.6.4/lib/libcrypto.a[307](libcrypto-lib-ec_mult.o)) was built for newer 'macOS' version (15.0) than being linked (14.0)
ld: warning: object file (/opt/homebrew/Cellar/openssl@3/3.6.4/lib/libcrypto.a[308](libcrypto-lib-ec_oct.o)) was built for newer 'macOS' version (15.0) than being linked (14.0)
ld: warning: object file (/opt/homebrew/Cellar/openssl@3/3.6.4/lib/libcrypto.a[309](libcrypto-lib-ec_pmeth.o)) was built for newer 'macOS' version (15.0) than being linked (14.0)
ld: warning: object file (/opt/homebrew/Cellar/openssl@3/3.6.4/lib/libcrypto.a[311](libcrypto-lib-ecdh_kdf.o)) was built for newer 'macOS' version (15.0) than being linked (14.0)
ld: warning: object file (/opt/homebrew/Cellar/openssl@3/3.6.4/lib/libcrypto.a[312](libcrypto-lib-ecdh_ossl.o)) was built for newer 'macOS' version (15.0) than being linked (14.0)
ld: warning: object file (/opt/homebrew/Cellar/openssl@3/3.6.4/lib/libcrypto.a[313](libcrypto-lib-ecdsa_ossl.o)) was built for newer 'macOS' version (15.0) than being linked (14.0)
ld: warning: object file (/opt/homebrew/Cellar/openssl@3/3.6.4/lib/libcrypto.a[314](libcrypto-lib-ecdsa_sign.o)) was built for newer 'macOS' version (15.0) than being linked (14.0)
ld: warning: object file (/opt/homebrew/Cellar/openssl@3/3.6.4/lib/libcrypto.a[315](libcrypto-lib-ecdsa_vrf.o)) was built for newer 'macOS' version (15.0) than being linked (14.0)
ld: warning: object file (/opt/homebrew/Cellar/openssl@3/3.6.4/lib/libcrypto.a[316](libcrypto-lib-eck_prn.o)) was built for newer 'macOS' version (15.0) than being linked (14.0)
ld: warning: object file (/opt/homebrew/Cellar/openssl@3/3.6.4/lib/libcrypto.a[317](libcrypto-lib-ecp_mont.o)) was built for newer 'macOS' version (15.0) than being linked (14.0)
ld: warning: object file (/opt/homebrew/Cellar/openssl@3/3.6.4/lib/libcrypto.a[318](libcrypto-lib-ecp_nist.o)) was built for newer 'macOS' version (15.0) than being linked (14.0)
ld: warning: object file (/opt/homebrew/Cellar/openssl@3/3.6.4/lib/libcrypto.a[319](libcrypto-lib-ecp_nistp224.o)) was built for newer 'macOS' version (15.0) than being linked (14.0)
ld: warning: object file (/opt/homebrew/Cellar/openssl@3/3.6.4/lib/libcrypto.a[320](libcrypto-lib-ecp_nistp256.o)) was built for newer 'macOS' version (15.0) than being linked (14.0)
ld: warning: object file (/opt/homebrew/Cellar/openssl@3/3.6.4/lib/libcrypto.a[321](libcrypto-lib-ecp_nistp384.o)) was built for newer 'macOS' version (15.0) than being linked (14.0)
ld: warning: object file (/opt/homebrew/Cellar/openssl@3/3.6.4/lib/libcrypto.a[322](libcrypto-lib-ecp_nistp521.o)) was built for newer 'macOS' version (15.0) than being linked (14.0)
ld: warning: object file (/opt/homebrew/Cellar/openssl@3/3.6.4/lib/libcrypto.a[323](libcrypto-lib-ecp_nistputil.o)) was built for newer 'macOS' version (15.0) than being linked (14.0)
ld: warning: object file (/opt/homebrew/Cellar/openssl@3/3.6.4/lib/libcrypto.a[324](libcrypto-lib-ecp_nistz256-armv8.o)) was built for newer 'macOS' version (15.0) than being linked (14.0)
ld: warning: object file (/opt/homebrew/Cellar/openssl@3/3.6.4/lib/libcrypto.a[325](libcrypto-lib-ecp_nistz256.o)) was built for newer 'macOS' version (15.0) than being linked (14.0)
ld: warning: object file (/opt/homebrew/Cellar/openssl@3/3.6.4/lib/libcrypto.a[326](libcrypto-lib-ecp_oct.o)) was built for newer 'macOS' version (15.0) than being linked (14.0)
ld: warning: object file (/opt/homebrew/Cellar/openssl@3/3.6.4/lib/libcrypto.a[327](libcrypto-lib-ecp_sm2p256-armv8.o)) was built for newer 'macOS' version (15.0) than being linked (14.0)
ld: warning: object file (/opt/homebrew/Cellar/openssl@3/3.6.4/lib/libcrypto.a[328](libcrypto-lib-ecp_sm2p256.o)) was built for newer 'macOS' version (15.0) than being linked (14.0)
ld: warning: object file (/opt/homebrew/Cellar/openssl@3/3.6.4/lib/libcrypto.a[329](libcrypto-lib-ecp_sm2p256_table.o)) was built for newer 'macOS' version (15.0) than being linked (14.0)
ld: warning: object file (/opt/homebrew/Cellar/openssl@3/3.6.4/lib/libcrypto.a[330](libcrypto-lib-ecp_smpl.o)) was built for newer 'macOS' version (15.0) than being linked (14.0)
ld: warning: object file (/opt/homebrew/Cellar/openssl@3/3.6.4/lib/libcrypto.a[331](libcrypto-lib-ecx_backend.o)) was built for newer 'macOS' version (15.0) than being linked (14.0)
ld: warning: object file (/opt/homebrew/Cellar/openssl@3/3.6.4/lib/libcrypto.a[332](libcrypto-lib-ecx_key.o)) was built for newer 'macOS' version (15.0) than being linked (14.0)
ld: warning: object file (/opt/homebrew/Cellar/openssl@3/3.6.4/lib/libcrypto.a[333](libcrypto-lib-ecx_meth.o)) was built for newer 'macOS' version (15.0) than being linked (14.0)
ld: warning: object file (/opt/homebrew/Cellar/openssl@3/3.6.4/lib/libcrypto.a[335](libcrypto-lib-decoder_lib.o)) was built for newer 'macOS' version (15.0) than being linked (14.0)
ld: warning: object file (/opt/homebrew/Cellar/openssl@3/3.6.4/lib/libcrypto.a[336](libcrypto-lib-decoder_meth.o)) was built for newer 'macOS' version (15.0) than being linked (14.0)
ld: warning: object file (/opt/homebrew/Cellar/openssl@3/3.6.4/lib/libcrypto.a[337](libcrypto-lib-decoder_pkey.o)) was built for newer 'macOS' version (15.0) than being linked (14.0)
ld: warning: object file (/opt/homebrew/Cellar/openssl@3/3.6.4/lib/libcrypto.a[339](libcrypto-lib-encoder_lib.o)) was built for newer 'macOS' version (15.0) than being linked (14.0)
ld: warning: object file (/opt/homebrew/Cellar/openssl@3/3.6.4/lib/libcrypto.a[340](libcrypto-lib-encoder_meth.o)) was built for newer 'macOS' version (15.0) than being linked (14.0)
ld: warning: object file (/opt/homebrew/Cellar/openssl@3/3.6.4/lib/libcrypto.a[341](libcrypto-lib-encoder_pkey.o)) was built for newer 'macOS' version (15.0) than being linked (14.0)
ld: warning: object file (/opt/homebrew/Cellar/openssl@3/3.6.4/lib/libcrypto.a[342](libcrypto-lib-eng_all.o)) was built for newer 'macOS' version (15.0) than being linked (14.0)
ld: warning: object file (/opt/homebrew/Cellar/openssl@3/3.6.4/lib/libcrypto.a[343](libcrypto-lib-eng_cnf.o)) was built for newer 'macOS' version (15.0) than being linked (14.0)
ld: warning: object file (/opt/homebrew/Cellar/openssl@3/3.6.4/lib/libcrypto.a[344](libcrypto-lib-eng_ctrl.o)) was built for newer 'macOS' version (15.0) than being linked (14.0)
ld: warning: object file (/opt/homebrew/Cellar/openssl@3/3.6.4/lib/libcrypto.a[345](libcrypto-lib-eng_dyn.o)) was built for newer 'macOS' version (15.0) than being linked (14.0)
ld: warning: object file (/opt/homebrew/Cellar/openssl@3/3.6.4/lib/libcrypto.a[346](libcrypto-lib-eng_err.o)) was built for newer 'macOS' version (15.0) than being linked (14.0)
ld: warning: object file (/opt/homebrew/Cellar/openssl@3/3.6.4/lib/libcrypto.a[347](libcrypto-lib-eng_fat.o)) was built for newer 'macOS' version (15.0) than being linked (14.0)
ld: warning: object file (/opt/homebrew/Cellar/openssl@3/3.6.4/lib/libcrypto.a[348](libcrypto-lib-eng_init.o)) was built for newer 'macOS' version (15.0) than being linked (14.0)
ld: warning: object file (/opt/homebrew/Cellar/openssl@3/3.6.4/lib/libcrypto.a[349](libcrypto-lib-eng_lib.o)) was built for newer 'macOS' version (15.0) than being linked (14.0)
ld: warning: object file (/opt/homebrew/Cellar/openssl@3/3.6.4/lib/libcrypto.a[350](libcrypto-lib-eng_list.o)) was built for newer 'macOS' version (15.0) than being linked (14.0)
ld: warning: object file (/opt/homebrew/Cellar/openssl@3/3.6.4/lib/libcrypto.a[351](libcrypto-lib-eng_openssl.o)) was built for newer 'macOS' version (15.0) than being linked (14.0)
ld: warning: object file (/opt/homebrew/Cellar/openssl@3/3.6.4/lib/libcrypto.a[352](libcrypto-lib-eng_pkey.o)) was built for newer 'macOS' version (15.0) than being linked (14.0)
ld: warning: object file (/opt/homebrew/Cellar/openssl@3/3.6.4/lib/libcrypto.a[353](libcrypto-lib-eng_rdrand.o)) was built for newer 'macOS' version (15.0) than being linked (14.0)
ld: warning: object file (/opt/homebrew/Cellar/openssl@3/3.6.4/lib/libcrypto.a[354](libcrypto-lib-eng_table.o)) was built for newer 'macOS' version (15.0) than being linked (14.0)
ld: warning: object file (/opt/homebrew/Cellar/openssl@3/3.6.4/lib/libcrypto.a[355](libcrypto-lib-tb_asnmth.o)) was built for newer 'macOS' version (15.0) than being linked (14.0)
ld: warning: object file (/opt/homebrew/Cellar/openssl@3/3.6.4/lib/libcrypto.a[356](libcrypto-lib-tb_cipher.o)) was built for newer 'macOS' version (15.0) than being linked (14.0)
ld: warning: object file (/opt/homebrew/Cellar/openssl@3/3.6.4/lib/libcrypto.a[357](libcrypto-lib-tb_dh.o)) was built for newer 'macOS' version (15.0) than being linked (14.0)
ld: warning: object file (/opt/homebrew/Cellar/openssl@3/3.6.4/lib/libcrypto.a[358](libcrypto-lib-tb_digest.o)) was built for newer 'macOS' version (15.0) than being linked (14.0)
ld: warning: object file (/opt/homebrew/Cellar/openssl@3/3.6.4/lib/libcrypto.a[359](libcrypto-lib-tb_dsa.o)) was built for newer 'macOS' version (15.0) than being linked (14.0)
ld: warning: object file (/opt/homebrew/Cellar/openssl@3/3.6.4/lib/libcrypto.a[360](libcrypto-lib-tb_eckey.o)) was built for newer 'macOS' version (15.0) than being linked (14.0)
ld: warning: object file (/opt/homebrew/Cellar/openssl@3/3.6.4/lib/libcrypto.a[361](libcrypto-lib-tb_pkmeth.o)) was built for newer 'macOS' version (15.0) than being linked (14.0)
ld: warning: object file (/opt/homebrew/Cellar/openssl@3/3.6.4/lib/libcrypto.a[362](libcrypto-lib-tb_rand.o)) was built for newer 'macOS' version (15.0) than being linked (14.0)
ld: warning: object file (/opt/homebrew/Cellar/openssl@3/3.6.4/lib/libcrypto.a[363](libcrypto-lib-tb_rsa.o)) was built for newer 'macOS' version (15.0) than being linked (14.0)
ld: warning: object file (/opt/homebrew/Cellar/openssl@3/3.6.4/lib/libcrypto.a[364](libcrypto-lib-err.o)) was built for newer 'macOS' version (15.0) than being linked (14.0)
ld: warning: object file (/opt/homebrew/Cellar/openssl@3/3.6.4/lib/libcrypto.a[365](libcrypto-lib-err_all.o)) was built for newer 'macOS' version (15.0) than being linked (14.0)
ld: warning: object file (/opt/homebrew/Cellar/openssl@3/3.6.4/lib/libcrypto.a[367](libcrypto-lib-err_blocks.o)) was built for newer 'macOS' version (15.0) than being linked (14.0)
ld: warning: object file (/opt/homebrew/Cellar/openssl@3/3.6.4/lib/libcrypto.a[368](libcrypto-lib-err_mark.o)) was built for newer 'macOS' version (15.0) than being linked (14.0)
ld: warning: object file (/opt/homebrew/Cellar/openssl@3/3.6.4/lib/libcrypto.a[369](libcrypto-lib-err_prn.o)) was built for newer 'macOS' version (15.0) than being linked (14.0)
ld: warning: object file (/opt/homebrew/Cellar/openssl@3/3.6.4/lib/libcrypto.a[370](libcrypto-lib-err_save.o)) was built for newer 'macOS' version (15.0) than being linked (14.0)
ld: warning: object file (/opt/homebrew/Cellar/openssl@3/3.6.4/lib/libcrypto.a[372](libcrypto-lib-ess_err.o)) was built for newer 'macOS' version (15.0) than being linked (14.0)
ld: warning: object file (/opt/homebrew/Cellar/openssl@3/3.6.4/lib/libcrypto.a[374](libcrypto-lib-asymcipher.o)) was built for newer 'macOS' version (15.0) than being linked (14.0)
ld: warning: object file (/opt/homebrew/Cellar/openssl@3/3.6.4/lib/libcrypto.a[376](libcrypto-lib-bio_enc.o)) was built for newer 'macOS' version (15.0) than being linked (14.0)
ld: warning: object file (/opt/homebrew/Cellar/openssl@3/3.6.4/lib/libcrypto.a[377](libcrypto-lib-bio_md.o)) was built for newer 'macOS' version (15.0) than being linked (14.0)
ld: warning: object file (/opt/homebrew/Cellar/openssl@3/3.6.4/lib/libcrypto.a[379](libcrypto-lib-c_allc.o)) was built for newer 'macOS' version (15.0) than being linked (14.0)
ld: warning: object file (/opt/homebrew/Cellar/openssl@3/3.6.4/lib/libcrypto.a[380](libcrypto-lib-c_alld.o)) was built for newer 'macOS' version (15.0) than being linked (14.0)
ld: warning: object file (/opt/homebrew/Cellar/openssl@3/3.6.4/lib/libcrypto.a[381](libcrypto-lib-cmeth_lib.o)) was built for newer 'macOS' version (15.0) than being linked (14.0)
ld: warning: object file (/opt/homebrew/Cellar/openssl@3/3.6.4/lib/libcrypto.a[382](libcrypto-lib-ctrl_params_translate.o)) was built for newer 'macOS' version (15.0) than being linked (14.0)
ld: warning: object file (/opt/homebrew/Cellar/openssl@3/3.6.4/lib/libcrypto.a[383](libcrypto-lib-dh_ctrl.o)) was built for newer 'macOS' version (15.0) than being linked (14.0)
ld: warning: object file (/opt/homebrew/Cellar/openssl@3/3.6.4/lib/libcrypto.a[384](libcrypto-lib-dh_support.o)) was built for newer 'macOS' version (15.0) than being linked (14.0)
ld: warning: object file (/opt/homebrew/Cellar/openssl@3/3.6.4/lib/libcrypto.a[385](libcrypto-lib-digest.o)) was built for newer 'macOS' version (15.0) than being linked (14.0)
ld: warning: object file (/opt/homebrew/Cellar/openssl@3/3.6.4/lib/libcrypto.a[386](libcrypto-lib-dsa_ctrl.o)) was built for newer 'macOS' version (15.0) than being linked (14.0)
ld: warning: object file (/opt/homebrew/Cellar/openssl@3/3.6.4/lib/libcrypto.a[387](libcrypto-lib-e_aes.o)) was built for newer 'macOS' version (15.0) than being linked (14.0)
ld: warning: object file (/opt/homebrew/Cellar/openssl@3/3.6.4/lib/libcrypto.a[388](libcrypto-lib-e_aes_cbc_hmac_sha1.o)) was built for newer 'macOS' version (15.0) than being linked (14.0)
ld: warning: object file (/opt/homebrew/Cellar/openssl@3/3.6.4/lib/libcrypto.a[389](libcrypto-lib-e_aes_cbc_hmac_sha256.o)) was built for newer 'macOS' version (15.0) than being linked (14.0)
ld: warning: object file (/opt/homebrew/Cellar/openssl@3/3.6.4/lib/libcrypto.a[390](libcrypto-lib-e_aria.o)) was built for newer 'macOS' version (15.0) than being linked (14.0)
ld: warning: object file (/opt/homebrew/Cellar/openssl@3/3.6.4/lib/libcrypto.a[391](libcrypto-lib-e_bf.o)) was built for newer 'macOS' version (15.0) than being linked (14.0)
ld: warning: object file (/opt/homebrew/Cellar/openssl@3/3.6.4/lib/libcrypto.a[392](libcrypto-lib-e_camellia.o)) was built for newer 'macOS' version (15.0) than being linked (14.0)
ld: warning: object file (/opt/homebrew/Cellar/openssl@3/3.6.4/lib/libcrypto.a[393](libcrypto-lib-e_cast.o)) was built for newer 'macOS' version (15.0) than being linked (14.0)
ld: warning: object file (/opt/homebrew/Cellar/openssl@3/3.6.4/lib/libcrypto.a[394](libcrypto-lib-e_chacha20_poly1305.o)) was built for newer 'macOS' version (15.0) than being linked (14.0)
ld: warning: object file (/opt/homebrew/Cellar/openssl@3/3.6.4/lib/libcrypto.a[395](libcrypto-lib-e_des.o)) was built for newer 'macOS' version (15.0) than being linked (14.0)
ld: warning: object file (/opt/homebrew/Cellar/openssl@3/3.6.4/lib/libcrypto.a[396](libcrypto-lib-e_des3.o)) was built for newer 'macOS' version (15.0) than being linked (14.0)
ld: warning: object file (/opt/homebrew/Cellar/openssl@3/3.6.4/lib/libcrypto.a[397](libcrypto-lib-e_idea.o)) was built for newer 'macOS' version (15.0) than being linked (14.0)
ld: warning: object file (/opt/homebrew/Cellar/openssl@3/3.6.4/lib/libcrypto.a[400](libcrypto-lib-e_rc2.o)) was built for newer 'macOS' version (15.0) than being linked (14.0)
ld: warning: object file (/opt/homebrew/Cellar/openssl@3/3.6.4/lib/libcrypto.a[401](libcrypto-lib-e_rc4.o)) was built for newer 'macOS' version (15.0) than being linked (14.0)
ld: warning: object file (/opt/homebrew/Cellar/openssl@3/3.6.4/lib/libcrypto.a[402](libcrypto-lib-e_rc4_hmac_md5.o)) was built for newer 'macOS' version (15.0) than being linked (14.0)
ld: warning: object file (/opt/homebrew/Cellar/openssl@3/3.6.4/lib/libcrypto.a[404](libcrypto-lib-e_seed.o)) was built for newer 'macOS' version (15.0) than being linked (14.0)
ld: warning: object file (/opt/homebrew/Cellar/openssl@3/3.6.4/lib/libcrypto.a[405](libcrypto-lib-e_sm4.o)) was built for newer 'macOS' version (15.0) than being linked (14.0)
ld: warning: object file (/opt/homebrew/Cellar/openssl@3/3.6.4/lib/libcrypto.a[406](libcrypto-lib-e_xcbc_d.o)) was built for newer 'macOS' version (15.0) than being linked (14.0)
ld: warning: object file (/opt/homebrew/Cellar/openssl@3/3.6.4/lib/libcrypto.a[407](libcrypto-lib-ec_ctrl.o)) was built for newer 'macOS' version (15.0) than being linked (14.0)
ld: warning: object file (/opt/homebrew/Cellar/openssl@3/3.6.4/lib/libcrypto.a[408](libcrypto-lib-ec_support.o)) was built for newer 'macOS' version (15.0) than being linked (14.0)
ld: warning: object file (/opt/homebrew/Cellar/openssl@3/3.6.4/lib/libcrypto.a[409](libcrypto-lib-encode.o)) was built for newer 'macOS' version (15.0) than being linked (14.0)
ld: warning: object file (/opt/homebrew/Cellar/openssl@3/3.6.4/lib/libcrypto.a[410](libcrypto-lib-evp_cnf.o)) was built for newer 'macOS' version (15.0) than being linked (14.0)
ld: warning: object file (/opt/homebrew/Cellar/openssl@3/3.6.4/lib/libcrypto.a[411](libcrypto-lib-evp_enc.o)) was built for newer 'macOS' version (15.0) than being linked (14.0)
ld: warning: object file (/opt/homebrew/Cellar/openssl@3/3.6.4/lib/libcrypto.a[412](libcrypto-lib-evp_err.o)) was built for newer 'macOS' version (15.0) than being linked (14.0)
ld: warning: object file (/opt/homebrew/Cellar/openssl@3/3.6.4/lib/libcrypto.a[413](libcrypto-lib-evp_fetch.o)) was built for newer 'macOS' version (15.0) than being linked (14.0)
ld: warning: object file (/opt/homebrew/Cellar/openssl@3/3.6.4/lib/libcrypto.a[414](libcrypto-lib-evp_key.o)) was built for newer 'macOS' version (15.0) than being linked (14.0)
ld: warning: object file (/opt/homebrew/Cellar/openssl@3/3.6.4/lib/libcrypto.a[415](libcrypto-lib-evp_lib.o)) was built for newer 'macOS' version (15.0) than being linked (14.0)
ld: warning: object file (/opt/homebrew/Cellar/openssl@3/3.6.4/lib/libcrypto.a[416](libcrypto-lib-evp_pbe.o)) was built for newer 'macOS' version (15.0) than being linked (14.0)
ld: warning: object file (/opt/homebrew/Cellar/openssl@3/3.6.4/lib/libcrypto.a[417](libcrypto-lib-evp_pkey.o)) was built for newer 'macOS' version (15.0) than being linked (14.0)
ld: warning: object file (/opt/homebrew/Cellar/openssl@3/3.6.4/lib/libcrypto.a[418](libcrypto-lib-evp_pkey_type.o)) was built for newer 'macOS' version (15.0) than being linked (14.0)
ld: warning: object file (/opt/homebrew/Cellar/openssl@3/3.6.4/lib/libcrypto.a[419](libcrypto-lib-evp_rand.o)) was built for newer 'macOS' version (15.0) than being linked (14.0)
ld: warning: object file (/opt/homebrew/Cellar/openssl@3/3.6.4/lib/libcrypto.a[420](libcrypto-lib-evp_utils.o)) was built for newer 'macOS' version (15.0) than being linked (14.0)
ld: warning: object file (/opt/homebrew/Cellar/openssl@3/3.6.4/lib/libcrypto.a[421](libcrypto-lib-exchange.o)) was built for newer 'macOS' version (15.0) than being linked (14.0)
ld: warning: object file (/opt/homebrew/Cellar/openssl@3/3.6.4/lib/libcrypto.a[422](libcrypto-lib-kdf_lib.o)) was built for newer 'macOS' version (15.0) than being linked (14.0)
ld: warning: object file (/opt/homebrew/Cellar/openssl@3/3.6.4/lib/libcrypto.a[423](libcrypto-lib-kdf_meth.o)) was built for newer 'macOS' version (15.0) than being linked (14.0)
ld: warning: object file (/opt/homebrew/Cellar/openssl@3/3.6.4/lib/libcrypto.a[424](libcrypto-lib-kem.o)) was built for newer 'macOS' version (15.0) than being linked (14.0)
ld: warning: object file (/opt/homebrew/Cellar/openssl@3/3.6.4/lib/libcrypto.a[425](libcrypto-lib-keymgmt_lib.o)) was built for newer 'macOS' version (15.0) than being linked (14.0)
ld: warning: object file (/opt/homebrew/Cellar/openssl@3/3.6.4/lib/libcrypto.a[426](libcrypto-lib-keymgmt_meth.o)) was built for newer 'macOS' version (15.0) than being linked (14.0)
ld: warning: object file (/opt/homebrew/Cellar/openssl@3/3.6.4/lib/libcrypto.a[427](libcrypto-lib-legacy_blake2.o)) was built for newer 'macOS' version (15.0) than being linked (14.0)
ld: warning: object file (/opt/homebrew/Cellar/openssl@3/3.6.4/lib/libcrypto.a[428](libcrypto-lib-legacy_md4.o)) was built for newer 'macOS' version (15.0) than being linked (14.0)
ld: warning: object file (/opt/homebrew/Cellar/openssl@3/3.6.4/lib/libcrypto.a[429](libcrypto-lib-legacy_md5.o)) was built for newer 'macOS' version (15.0) than being linked (14.0)
ld: warning: object file (/opt/homebrew/Cellar/openssl@3/3.6.4/lib/libcrypto.a[430](libcrypto-lib-legacy_md5_sha1.o)) was built for newer 'macOS' version (15.0) than being linked (14.0)
ld: warning: object file (/opt/homebrew/Cellar/openssl@3/3.6.4/lib/libcrypto.a[431](libcrypto-lib-legacy_mdc2.o)) was built for newer 'macOS' version (15.0) than being linked (14.0)
ld: warning: object file (/opt/homebrew/Cellar/openssl@3/3.6.4/lib/libcrypto.a[432](libcrypto-lib-legacy_ripemd.o)) was built for newer 'macOS' version (15.0) than being linked (14.0)
ld: warning: object file (/opt/homebrew/Cellar/openssl@3/3.6.4/lib/libcrypto.a[433](libcrypto-lib-legacy_sha.o)) was built for newer 'macOS' version (15.0) than being linked (14.0)
ld: warning: object file (/opt/homebrew/Cellar/openssl@3/3.6.4/lib/libcrypto.a[434](libcrypto-lib-legacy_wp.o)) was built for newer 'macOS' version (15.0) than being linked (14.0)
ld: warning: object file (/opt/homebrew/Cellar/openssl@3/3.6.4/lib/libcrypto.a[435](libcrypto-lib-m_null.o)) was built for newer 'macOS' version (15.0) than being linked (14.0)
ld: warning: object file (/opt/homebrew/Cellar/openssl@3/3.6.4/lib/libcrypto.a[436](libcrypto-lib-m_sigver.o)) was built for newer 'macOS' version (15.0) than being linked (14.0)
ld: warning: object file (/opt/homebrew/Cellar/openssl@3/3.6.4/lib/libcrypto.a[437](libcrypto-lib-mac_lib.o)) was built for newer 'macOS' version (15.0) than being linked (14.0)
ld: warning: object file (/opt/homebrew/Cellar/openssl@3/3.6.4/lib/libcrypto.a[438](libcrypto-lib-mac_meth.o)) was built for newer 'macOS' version (15.0) than being linked (14.0)
ld: warning: object file (/opt/homebrew/Cellar/openssl@3/3.6.4/lib/libcrypto.a[439](libcrypto-lib-names.o)) was built for newer 'macOS' version (15.0) than being linked (14.0)
ld: warning: object file (/opt/homebrew/Cellar/openssl@3/3.6.4/lib/libcrypto.a[440](libcrypto-lib-p5_crpt.o)) was built for newer 'macOS' version (15.0) than being linked (14.0)
ld: warning: object file (/opt/homebrew/Cellar/openssl@3/3.6.4/lib/libcrypto.a[441](libcrypto-lib-p5_crpt2.o)) was built for newer 'macOS' version (15.0) than being linked (14.0)
ld: warning: object file (/opt/homebrew/Cellar/openssl@3/3.6.4/lib/libcrypto.a[444](libcrypto-lib-p_legacy.o)) was built for newer 'macOS' version (15.0) than being linked (14.0)
ld: warning: object file (/opt/homebrew/Cellar/openssl@3/3.6.4/lib/libcrypto.a[445](libcrypto-lib-p_lib.o)) was built for newer 'macOS' version (15.0) than being linked (14.0)
ld: warning: object file (/opt/homebrew/Cellar/openssl@3/3.6.4/lib/libcrypto.a[448](libcrypto-lib-p_sign.o)) was built for newer 'macOS' version (15.0) than being linked (14.0)
ld: warning: object file (/opt/homebrew/Cellar/openssl@3/3.6.4/lib/libcrypto.a[449](libcrypto-lib-p_verify.o)) was built for newer 'macOS' version (15.0) than being linked (14.0)
ld: warning: object file (/opt/homebrew/Cellar/openssl@3/3.6.4/lib/libcrypto.a[450](libcrypto-lib-pbe_scrypt.o)) was built for newer 'macOS' version (15.0) than being linked (14.0)
ld: warning: object file (/opt/homebrew/Cellar/openssl@3/3.6.4/lib/libcrypto.a[451](libcrypto-lib-pmeth_check.o)) was built for newer 'macOS' version (15.0) than being linked (14.0)
ld: warning: object file (/opt/homebrew/Cellar/openssl@3/3.6.4/lib/libcrypto.a[452](libcrypto-lib-pmeth_gn.o)) was built for newer 'macOS' version (15.0) than being linked (14.0)
ld: warning: object file (/opt/homebrew/Cellar/openssl@3/3.6.4/lib/libcrypto.a[453](libcrypto-lib-pmeth_lib.o)) was built for newer 'macOS' version (15.0) than being linked (14.0)
ld: warning: object file (/opt/homebrew/Cellar/openssl@3/3.6.4/lib/libcrypto.a[454](libcrypto-lib-s_lib.o)) was built for newer 'macOS' version (15.0) than being linked (14.0)
ld: warning: object file (/opt/homebrew/Cellar/openssl@3/3.6.4/lib/libcrypto.a[455](libcrypto-lib-signature.o)) was built for newer 'macOS' version (15.0) than being linked (14.0)
ld: warning: object file (/opt/homebrew/Cellar/openssl@3/3.6.4/lib/libcrypto.a[456](libcrypto-lib-skeymgmt_meth.o)) was built for newer 'macOS' version (15.0) than being linked (14.0)
ld: warning: object file (/opt/homebrew/Cellar/openssl@3/3.6.4/lib/libcrypto.a[457](libcrypto-lib-ffc_backend.o)) was built for newer 'macOS' version (15.0) than being linked (14.0)
ld: warning: object file (/opt/homebrew/Cellar/openssl@3/3.6.4/lib/libcrypto.a[458](libcrypto-lib-ffc_dh.o)) was built for newer 'macOS' version (15.0) than being linked (14.0)
ld: warning: object file (/opt/homebrew/Cellar/openssl@3/3.6.4/lib/libcrypto.a[459](libcrypto-lib-ffc_key_generate.o)) was built for newer 'macOS' version (15.0) than being linked (14.0)
ld: warning: object file (/opt/homebrew/Cellar/openssl@3/3.6.4/lib/libcrypto.a[460](libcrypto-lib-ffc_key_validate.o)) was built for newer 'macOS' version (15.0) than being linked (14.0)
ld: warning: object file (/opt/homebrew/Cellar/openssl@3/3.6.4/lib/libcrypto.a[461](libcrypto-lib-ffc_params.o)) was built for newer 'macOS' version (15.0) than being linked (14.0)
ld: warning: object file (/opt/homebrew/Cellar/openssl@3/3.6.4/lib/libcrypto.a[462](libcrypto-lib-ffc_params_generate.o)) was built for newer 'macOS' version (15.0) than being linked (14.0)
ld: warning: object file (/opt/homebrew/Cellar/openssl@3/3.6.4/lib/libcrypto.a[463](libcrypto-lib-ffc_params_validate.o)) was built for newer 'macOS' version (15.0) than being linked (14.0)
ld: warning: object file (/opt/homebrew/Cellar/openssl@3/3.6.4/lib/libcrypto.a[464](libcrypto-lib-hashfunc.o)) was built for newer 'macOS' version (15.0) than being linked (14.0)
ld: warning: object file (/opt/homebrew/Cellar/openssl@3/3.6.4/lib/libcrypto.a[465](libcrypto-lib-hashtable.o)) was built for newer 'macOS' version (15.0) than being linked (14.0)
ld: warning: object file (/opt/homebrew/Cellar/openssl@3/3.6.4/lib/libcrypto.a[466](libcrypto-lib-hmac.o)) was built for newer 'macOS' version (15.0) than being linked (14.0)
ld: warning: object file (/opt/homebrew/Cellar/openssl@3/3.6.4/lib/libcrypto.a[468](libcrypto-lib-hpke_util.o)) was built for newer 'macOS' version (15.0) than being linked (14.0)
ld: warning: object file (/opt/homebrew/Cellar/openssl@3/3.6.4/lib/libcrypto.a[469](libcrypto-lib-http_client.o)) was built for newer 'macOS' version (15.0) than being linked (14.0)
ld: warning: object file (/opt/homebrew/Cellar/openssl@3/3.6.4/lib/libcrypto.a[470](libcrypto-lib-http_err.o)) was built for newer 'macOS' version (15.0) than being linked (14.0)
ld: warning: object file (/opt/homebrew/Cellar/openssl@3/3.6.4/lib/libcrypto.a[471](libcrypto-lib-http_lib.o)) was built for newer 'macOS' version (15.0) than being linked (14.0)
ld: warning: object file (/opt/homebrew/Cellar/openssl@3/3.6.4/lib/libcrypto.a[472](libcrypto-lib-i_cbc.o)) was built for newer 'macOS' version (15.0) than being linked (14.0)
ld: warning: object file (/opt/homebrew/Cellar/openssl@3/3.6.4/lib/libcrypto.a[473](libcrypto-lib-i_cfb64.o)) was built for newer 'macOS' version (15.0) than being linked (14.0)
ld: warning: object file (/opt/homebrew/Cellar/openssl@3/3.6.4/lib/libcrypto.a[474](libcrypto-lib-i_ecb.o)) was built for newer 'macOS' version (15.0) than being linked (14.0)
ld: warning: object file (/opt/homebrew/Cellar/openssl@3/3.6.4/lib/libcrypto.a[475](libcrypto-lib-i_ofb64.o)) was built for newer 'macOS' version (15.0) than being linked (14.0)
ld: warning: object file (/opt/homebrew/Cellar/openssl@3/3.6.4/lib/libcrypto.a[476](libcrypto-lib-i_skey.o)) was built for newer 'macOS' version (15.0) than being linked (14.0)
ld: warning: object file (/opt/homebrew/Cellar/openssl@3/3.6.4/lib/libcrypto.a[479](libcrypto-lib-lhash.o)) was built for newer 'macOS' version (15.0) than being linked (14.0)
ld: warning: object file (/opt/homebrew/Cellar/openssl@3/3.6.4/lib/libcrypto.a[480](libcrypto-lib-arm64cpuid.o)) was built for newer 'macOS' version (15.0) than being linked (14.0)
ld: warning: object file (/opt/homebrew/Cellar/openssl@3/3.6.4/lib/libcrypto.a[481](libcrypto-lib-armcap.o)) was built for newer 'macOS' version (15.0) than being linked (14.0)
ld: warning: object file (/opt/homebrew/Cellar/openssl@3/3.6.4/lib/libcrypto.a[482](libcrypto-lib-array_alloc.o)) was built for newer 'macOS' version (15.0) than being linked (14.0)
ld: warning: object file (/opt/homebrew/Cellar/openssl@3/3.6.4/lib/libcrypto.a[483](libcrypto-lib-asn1_dsa.o)) was built for newer 'macOS' version (15.0) than being linked (14.0)
ld: warning: object file (/opt/homebrew/Cellar/openssl@3/3.6.4/lib/libcrypto.a[484](libcrypto-lib-bsearch.o)) was built for newer 'macOS' version (15.0) than being linked (14.0)
ld: warning: object file (/opt/homebrew/Cellar/openssl@3/3.6.4/lib/libcrypto.a[485](libcrypto-lib-comp_methods.o)) was built for newer 'macOS' version (15.0) than being linked (14.0)
ld: warning: object file (/opt/homebrew/Cellar/openssl@3/3.6.4/lib/libcrypto.a[486](libcrypto-lib-context.o)) was built for newer 'macOS' version (15.0) than being linked (14.0)
ld: warning: object file (/opt/homebrew/Cellar/openssl@3/3.6.4/lib/libcrypto.a[487](libcrypto-lib-core_algorithm.o)) was built for newer 'macOS' version (15.0) than being linked (14.0)
ld: warning: object file (/opt/homebrew/Cellar/openssl@3/3.6.4/lib/libcrypto.a[488](libcrypto-lib-core_fetch.o)) was built for newer 'macOS' version (15.0) than being linked (14.0)
ld: warning: object file (/opt/homebrew/Cellar/openssl@3/3.6.4/lib/libcrypto.a[489](libcrypto-lib-core_namemap.o)) was built for newer 'macOS' version (15.0) than being linked (14.0)
ld: warning: object file (/opt/homebrew/Cellar/openssl@3/3.6.4/lib/libcrypto.a[490](libcrypto-lib-cpt_err.o)) was built for newer 'macOS' version (15.0) than being linked (14.0)
ld: warning: object file (/opt/homebrew/Cellar/openssl@3/3.6.4/lib/libcrypto.a[492](libcrypto-lib-cryptlib.o)) was built for newer 'macOS' version (15.0) than being linked (14.0)
ld: warning: object file (/opt/homebrew/Cellar/openssl@3/3.6.4/lib/libcrypto.a[493](libcrypto-lib-ctype.o)) was built for newer 'macOS' version (15.0) than being linked (14.0)
ld: warning: object file (/opt/homebrew/Cellar/openssl@3/3.6.4/lib/libcrypto.a[495](libcrypto-lib-defaults.o)) was built for newer 'macOS' version (15.0) than being linked (14.0)
ld: warning: object file (/opt/homebrew/Cellar/openssl@3/3.6.4/lib/libcrypto.a[496](libcrypto-lib-der_writer.o)) was built for newer 'macOS' version (15.0) than being linked (14.0)
ld: warning: object file (/opt/homebrew/Cellar/openssl@3/3.6.4/lib/libcrypto.a[497](libcrypto-lib-deterministic_nonce.o)) was built for newer 'macOS' version (15.0) than being linked (14.0)
ld: warning: object file (/opt/homebrew/Cellar/openssl@3/3.6.4/lib/libcrypto.a[499](libcrypto-lib-ex_data.o)) was built for newer 'macOS' version (15.0) than being linked (14.0)
ld: warning: object file (/opt/homebrew/Cellar/openssl@3/3.6.4/lib/libcrypto.a[500](libcrypto-lib-getenv.o)) was built for newer 'macOS' version (15.0) than being linked (14.0)
ld: warning: object file (/opt/homebrew/Cellar/openssl@3/3.6.4/lib/libcrypto.a[501](libcrypto-lib-indicator_core.o)) was built for newer 'macOS' version (15.0) than being linked (14.0)
ld: warning: object file (/opt/homebrew/Cellar/openssl@3/3.6.4/lib/libcrypto.a[503](libcrypto-lib-init.o)) was built for newer 'macOS' version (15.0) than being linked (14.0)
ld: warning: object file (/opt/homebrew/Cellar/openssl@3/3.6.4/lib/libcrypto.a[504](libcrypto-lib-initthread.o)) was built for newer 'macOS' version (15.0) than being linked (14.0)
ld: warning: object file (/opt/homebrew/Cellar/openssl@3/3.6.4/lib/libcrypto.a[505](libcrypto-lib-mem.o)) was built for newer 'macOS' version (15.0) than being linked (14.0)
ld: warning: object file (/opt/homebrew/Cellar/openssl@3/3.6.4/lib/libcrypto.a[506](libcrypto-lib-mem_sec.o)) was built for newer 'macOS' version (15.0) than being linked (14.0)
ld: warning: object file (/opt/homebrew/Cellar/openssl@3/3.6.4/lib/libcrypto.a[507](libcrypto-lib-o_dir.o)) was built for newer 'macOS' version (15.0) than being linked (14.0)
ld: warning: object file (/opt/homebrew/Cellar/openssl@3/3.6.4/lib/libcrypto.a[508](libcrypto-lib-o_fopen.o)) was built for newer 'macOS' version (15.0) than being linked (14.0)
ld: warning: object file (/opt/homebrew/Cellar/openssl@3/3.6.4/lib/libcrypto.a[510](libcrypto-lib-o_str.o)) was built for newer 'macOS' version (15.0) than being linked (14.0)
ld: warning: object file (/opt/homebrew/Cellar/openssl@3/3.6.4/lib/libcrypto.a[511](libcrypto-lib-o_time.o)) was built for newer 'macOS' version (15.0) than being linked (14.0)
ld: warning: object file (/opt/homebrew/Cellar/openssl@3/3.6.4/lib/libcrypto.a[512](libcrypto-lib-packet.o)) was built for newer 'macOS' version (15.0) than being linked (14.0)
ld: warning: object file (/opt/homebrew/Cellar/openssl@3/3.6.4/lib/libcrypto.a[513](libcrypto-lib-param_build.o)) was built for newer 'macOS' version (15.0) than being linked (14.0)
ld: warning: object file (/opt/homebrew/Cellar/openssl@3/3.6.4/lib/libcrypto.a[514](libcrypto-lib-param_build_set.o)) was built for newer 'macOS' version (15.0) than being linked (14.0)
ld: warning: object file (/opt/homebrew/Cellar/openssl@3/3.6.4/lib/libcrypto.a[515](libcrypto-lib-params.o)) was built for newer 'macOS' version (15.0) than being linked (14.0)
ld: warning: object file (/opt/homebrew/Cellar/openssl@3/3.6.4/lib/libcrypto.a[516](libcrypto-lib-params_dup.o)) was built for newer 'macOS' version (15.0) than being linked (14.0)
ld: warning: object file (/opt/homebrew/Cellar/openssl@3/3.6.4/lib/libcrypto.a[517](libcrypto-lib-params_from_text.o)) was built for newer 'macOS' version (15.0) than being linked (14.0)
ld: warning: object file (/opt/homebrew/Cellar/openssl@3/3.6.4/lib/libcrypto.a[518](libcrypto-lib-passphrase.o)) was built for newer 'macOS' version (15.0) than being linked (14.0)
ld: warning: object file (/opt/homebrew/Cellar/openssl@3/3.6.4/lib/libcrypto.a[519](libcrypto-lib-provider.o)) was built for newer 'macOS' version (15.0) than being linked (14.0)
ld: warning: object file (/opt/homebrew/Cellar/openssl@3/3.6.4/lib/libcrypto.a[520](libcrypto-lib-provider_child.o)) was built for newer 'macOS' version (15.0) than being linked (14.0)
ld: warning: object file (/opt/homebrew/Cellar/openssl@3/3.6.4/lib/libcrypto.a[521](libcrypto-lib-provider_conf.o)) was built for newer 'macOS' version (15.0) than being linked (14.0)
ld: warning: object file (/opt/homebrew/Cellar/openssl@3/3.6.4/lib/libcrypto.a[522](libcrypto-lib-provider_core.o)) was built for newer 'macOS' version (15.0) than being linked (14.0)
ld: warning: object file (/opt/homebrew/Cellar/openssl@3/3.6.4/lib/libcrypto.a[523](libcrypto-lib-provider_predefined.o)) was built for newer 'macOS' version (15.0) than being linked (14.0)
ld: warning: object file (/opt/homebrew/Cellar/openssl@3/3.6.4/lib/libcrypto.a[524](libcrypto-lib-punycode.o)) was built for newer 'macOS' version (15.0) than being linked (14.0)
ld: warning: object file (/opt/homebrew/Cellar/openssl@3/3.6.4/lib/libcrypto.a[525](libcrypto-lib-quic_vlint.o)) was built for newer 'macOS' version (15.0) than being linked (14.0)
ld: warning: object file (/opt/homebrew/Cellar/openssl@3/3.6.4/lib/libcrypto.a[526](libcrypto-lib-self_test_core.o)) was built for newer 'macOS' version (15.0) than being linked (14.0)
ld: warning: object file (/opt/homebrew/Cellar/openssl@3/3.6.4/lib/libcrypto.a[527](libcrypto-lib-sleep.o)) was built for newer 'macOS' version (15.0) than being linked (14.0)
ld: warning: object file (/opt/homebrew/Cellar/openssl@3/3.6.4/lib/libcrypto.a[528](libcrypto-lib-sparse_array.o)) was built for newer 'macOS' version (15.0) than being linked (14.0)
ld: warning: object file (/opt/homebrew/Cellar/openssl@3/3.6.4/lib/libcrypto.a[529](libcrypto-lib-ssl_err.o)) was built for newer 'macOS' version (15.0) than being linked (14.0)
ld: warning: object file (/opt/homebrew/Cellar/openssl@3/3.6.4/lib/libcrypto.a[530](libcrypto-lib-threads_common.o)) was built for newer 'macOS' version (15.0) than being linked (14.0)
ld: warning: object file (/opt/homebrew/Cellar/openssl@3/3.6.4/lib/libcrypto.a[533](libcrypto-lib-threads_pthread.o)) was built for newer 'macOS' version (15.0) than being linked (14.0)
ld: warning: object file (/opt/homebrew/Cellar/openssl@3/3.6.4/lib/libcrypto.a[535](libcrypto-lib-time.o)) was built for newer 'macOS' version (15.0) than being linked (14.0)
ld: warning: object file (/opt/homebrew/Cellar/openssl@3/3.6.4/lib/libcrypto.a[536](libcrypto-lib-trace.o)) was built for newer 'macOS' version (15.0) than being linked (14.0)
ld: warning: object file (/opt/homebrew/Cellar/openssl@3/3.6.4/lib/libcrypto.a[537](libcrypto-lib-uid.o)) was built for newer 'macOS' version (15.0) than being linked (14.0)
ld: warning: object file (/opt/homebrew/Cellar/openssl@3/3.6.4/lib/libcrypto.a[538](libcrypto-lib-md4_dgst.o)) was built for newer 'macOS' version (15.0) than being linked (14.0)
ld: warning: object file (/opt/homebrew/Cellar/openssl@3/3.6.4/lib/libcrypto.a[540](libcrypto-lib-md5-aarch64.o)) was built for newer 'macOS' version (15.0) than being linked (14.0)
ld: warning: object file (/opt/homebrew/Cellar/openssl@3/3.6.4/lib/libcrypto.a[541](libcrypto-lib-md5_dgst.o)) was built for newer 'macOS' version (15.0) than being linked (14.0)
ld: warning: object file (/opt/homebrew/Cellar/openssl@3/3.6.4/lib/libcrypto.a[543](libcrypto-lib-md5_sha1.o)) was built for newer 'macOS' version (15.0) than being linked (14.0)
ld: warning: object file (/opt/homebrew/Cellar/openssl@3/3.6.4/lib/libcrypto.a[545](libcrypto-lib-mdc2dgst.o)) was built for newer 'macOS' version (15.0) than being linked (14.0)
ld: warning: object file (/opt/homebrew/Cellar/openssl@3/3.6.4/lib/libcrypto.a[546](libcrypto-lib-ml_dsa_encoders.o)) was built for newer 'macOS' version (15.0) than being linked (14.0)
ld: warning: object file (/opt/homebrew/Cellar/openssl@3/3.6.4/lib/libcrypto.a[547](libcrypto-lib-ml_dsa_key.o)) was built for newer 'macOS' version (15.0) than being linked (14.0)
ld: warning: object file (/opt/homebrew/Cellar/openssl@3/3.6.4/lib/libcrypto.a[548](libcrypto-lib-ml_dsa_key_compress.o)) was built for newer 'macOS' version (15.0) than being linked (14.0)
ld: warning: object file (/opt/homebrew/Cellar/openssl@3/3.6.4/lib/libcrypto.a[549](libcrypto-lib-ml_dsa_matrix.o)) was built for newer 'macOS' version (15.0) than being linked (14.0)
ld: warning: object file (/opt/homebrew/Cellar/openssl@3/3.6.4/lib/libcrypto.a[550](libcrypto-lib-ml_dsa_ntt.o)) was built for newer 'macOS' version (15.0) than being linked (14.0)
ld: warning: object file (/opt/homebrew/Cellar/openssl@3/3.6.4/lib/libcrypto.a[551](libcrypto-lib-ml_dsa_params.o)) was built for newer 'macOS' version (15.0) than being linked (14.0)
ld: warning: object file (/opt/homebrew/Cellar/openssl@3/3.6.4/lib/libcrypto.a[552](libcrypto-lib-ml_dsa_sample.o)) was built for newer 'macOS' version (15.0) than being linked (14.0)
ld: warning: object file (/opt/homebrew/Cellar/openssl@3/3.6.4/lib/libcrypto.a[553](libcrypto-lib-ml_dsa_sign.o)) was built for newer 'macOS' version (15.0) than being linked (14.0)
ld: warning: object file (/opt/homebrew/Cellar/openssl@3/3.6.4/lib/libcrypto.a[554](libcrypto-lib-ml_kem.o)) was built for newer 'macOS' version (15.0) than being linked (14.0)
ld: warning: object file (/opt/homebrew/Cellar/openssl@3/3.6.4/lib/libcrypto.a[555](libcrypto-lib-aes-gcm-armv8-unroll8_64.o)) was built for newer 'macOS' version (15.0) than being linked (14.0)
ld: warning: object file (/opt/homebrew/Cellar/openssl@3/3.6.4/lib/libcrypto.a[556](libcrypto-lib-aes-gcm-armv8_64.o)) was built for newer 'macOS' version (15.0) than being linked (14.0)
ld: warning: object file (/opt/homebrew/Cellar/openssl@3/3.6.4/lib/libcrypto.a[557](libcrypto-lib-cbc128.o)) was built for newer 'macOS' version (15.0) than being linked (14.0)
ld: warning: object file (/opt/homebrew/Cellar/openssl@3/3.6.4/lib/libcrypto.a[558](libcrypto-lib-ccm128.o)) was built for newer 'macOS' version (15.0) than being linked (14.0)
ld: warning: object file (/opt/homebrew/Cellar/openssl@3/3.6.4/lib/libcrypto.a[559](libcrypto-lib-cfb128.o)) was built for newer 'macOS' version (15.0) than being linked (14.0)
ld: warning: object file (/opt/homebrew/Cellar/openssl@3/3.6.4/lib/libcrypto.a[560](libcrypto-lib-ctr128.o)) was built for newer 'macOS' version (15.0) than being linked (14.0)
ld: warning: object file (/opt/homebrew/Cellar/openssl@3/3.6.4/lib/libcrypto.a[562](libcrypto-lib-gcm128.o)) was built for newer 'macOS' version (15.0) than being linked (14.0)
ld: warning: object file (/opt/homebrew/Cellar/openssl@3/3.6.4/lib/libcrypto.a[563](libcrypto-lib-ghashv8-armx.o)) was built for newer 'macOS' version (15.0) than being linked (14.0)
ld: warning: object file (/opt/homebrew/Cellar/openssl@3/3.6.4/lib/libcrypto.a[564](libcrypto-lib-ocb128.o)) was built for newer 'macOS' version (15.0) than being linked (14.0)
ld: warning: object file (/opt/homebrew/Cellar/openssl@3/3.6.4/lib/libcrypto.a[565](libcrypto-lib-ofb128.o)) was built for newer 'macOS' version (15.0) than being linked (14.0)
ld: warning: object file (/opt/homebrew/Cellar/openssl@3/3.6.4/lib/libcrypto.a[566](libcrypto-lib-siv128.o)) was built for newer 'macOS' version (15.0) than being linked (14.0)
ld: warning: object file (/opt/homebrew/Cellar/openssl@3/3.6.4/lib/libcrypto.a[567](libcrypto-lib-wrap128.o)) was built for newer 'macOS' version (15.0) than being linked (14.0)
ld: warning: object file (/opt/homebrew/Cellar/openssl@3/3.6.4/lib/libcrypto.a[568](libcrypto-lib-xts128.o)) was built for newer 'macOS' version (15.0) than being linked (14.0)
ld: warning: object file (/opt/homebrew/Cellar/openssl@3/3.6.4/lib/libcrypto.a[569](libcrypto-lib-xts128gb.o)) was built for newer 'macOS' version (15.0) than being linked (14.0)
ld: warning: object file (/opt/homebrew/Cellar/openssl@3/3.6.4/lib/libcrypto.a[570](libcrypto-lib-o_names.o)) was built for newer 'macOS' version (15.0) than being linked (14.0)
ld: warning: object file (/opt/homebrew/Cellar/openssl@3/3.6.4/lib/libcrypto.a[571](libcrypto-lib-obj_dat.o)) was built for newer 'macOS' version (15.0) than being linked (14.0)
ld: warning: object file (/opt/homebrew/Cellar/openssl@3/3.6.4/lib/libcrypto.a[572](libcrypto-lib-obj_err.o)) was built for newer 'macOS' version (15.0) than being linked (14.0)
ld: warning: object file (/opt/homebrew/Cellar/openssl@3/3.6.4/lib/libcrypto.a[573](libcrypto-lib-obj_lib.o)) was built for newer 'macOS' version (15.0) than being linked (14.0)
ld: warning: object file (/opt/homebrew/Cellar/openssl@3/3.6.4/lib/libcrypto.a[574](libcrypto-lib-obj_xref.o)) was built for newer 'macOS' version (15.0) than being linked (14.0)
ld: warning: object file (/opt/homebrew/Cellar/openssl@3/3.6.4/lib/libcrypto.a[575](libcrypto-lib-ocsp_asn.o)) was built for newer 'macOS' version (15.0) than being linked (14.0)
ld: warning: object file (/opt/homebrew/Cellar/openssl@3/3.6.4/lib/libcrypto.a[576](libcrypto-lib-ocsp_cl.o)) was built for newer 'macOS' version (15.0) than being linked (14.0)
ld: warning: object file (/opt/homebrew/Cellar/openssl@3/3.6.4/lib/libcrypto.a[577](libcrypto-lib-ocsp_err.o)) was built for newer 'macOS' version (15.0) than being linked (14.0)
ld: warning: object file (/opt/homebrew/Cellar/openssl@3/3.6.4/lib/libcrypto.a[580](libcrypto-lib-ocsp_lib.o)) was built for newer 'macOS' version (15.0) than being linked (14.0)
ld: warning: object file (/opt/homebrew/Cellar/openssl@3/3.6.4/lib/libcrypto.a[582](libcrypto-lib-ocsp_srv.o)) was built for newer 'macOS' version (15.0) than being linked (14.0)
ld: warning: object file (/opt/homebrew/Cellar/openssl@3/3.6.4/lib/libcrypto.a[583](libcrypto-lib-ocsp_vfy.o)) was built for newer 'macOS' version (15.0) than being linked (14.0)
ld: warning: object file (/opt/homebrew/Cellar/openssl@3/3.6.4/lib/libcrypto.a[584](libcrypto-lib-v3_ocsp.o)) was built for newer 'macOS' version (15.0) than being linked (14.0)
ld: warning: object file (/opt/homebrew/Cellar/openssl@3/3.6.4/lib/libcrypto.a[585](libcrypto-lib-pem_all.o)) was built for newer 'macOS' version (15.0) than being linked (14.0)
ld: warning: object file (/opt/homebrew/Cellar/openssl@3/3.6.4/lib/libcrypto.a[586](libcrypto-lib-pem_err.o)) was built for newer 'macOS' version (15.0) than being linked (14.0)
ld: warning: object file (/opt/homebrew/Cellar/openssl@3/3.6.4/lib/libcrypto.a[588](libcrypto-lib-pem_lib.o)) was built for newer 'macOS' version (15.0) than being linked (14.0)
ld: warning: object file (/opt/homebrew/Cellar/openssl@3/3.6.4/lib/libcrypto.a[589](libcrypto-lib-pem_oth.o)) was built for newer 'macOS' version (15.0) than being linked (14.0)
ld: warning: object file (/opt/homebrew/Cellar/openssl@3/3.6.4/lib/libcrypto.a[590](libcrypto-lib-pem_pk8.o)) was built for newer 'macOS' version (15.0) than being linked (14.0)
ld: warning: object file (/opt/homebrew/Cellar/openssl@3/3.6.4/lib/libcrypto.a[591](libcrypto-lib-pem_pkey.o)) was built for newer 'macOS' version (15.0) than being linked (14.0)
ld: warning: object file (/opt/homebrew/Cellar/openssl@3/3.6.4/lib/libcrypto.a[593](libcrypto-lib-pem_x509.o)) was built for newer 'macOS' version (15.0) than being linked (14.0)
ld: warning: object file (/opt/homebrew/Cellar/openssl@3/3.6.4/lib/libcrypto.a[595](libcrypto-lib-pvkfmt.o)) was built for newer 'macOS' version (15.0) than being linked (14.0)
ld: warning: object file (/opt/homebrew/Cellar/openssl@3/3.6.4/lib/libcrypto.a[597](libcrypto-lib-p12_asn.o)) was built for newer 'macOS' version (15.0) than being linked (14.0)
ld: warning: object file (/opt/homebrew/Cellar/openssl@3/3.6.4/lib/libcrypto.a[599](libcrypto-lib-p12_crpt.o)) was built for newer 'macOS' version (15.0) than being linked (14.0)
ld: warning: object file (/opt/homebrew/Cellar/openssl@3/3.6.4/lib/libcrypto.a[601](libcrypto-lib-p12_decr.o)) was built for newer 'macOS' version (15.0) than being linked (14.0)
ld: warning: object file (/opt/homebrew/Cellar/openssl@3/3.6.4/lib/libcrypto.a[602](libcrypto-lib-p12_init.o)) was built for newer 'macOS' version (15.0) than being linked (14.0)
ld: warning: object file (/opt/homebrew/Cellar/openssl@3/3.6.4/lib/libcrypto.a[603](libcrypto-lib-p12_key.o)) was built for newer 'macOS' version (15.0) than being linked (14.0)
ld: warning: object file (/opt/homebrew/Cellar/openssl@3/3.6.4/lib/libcrypto.a[607](libcrypto-lib-p12_p8d.o)) was built for newer 'macOS' version (15.0) than being linked (14.0)
ld: warning: object file (/opt/homebrew/Cellar/openssl@3/3.6.4/lib/libcrypto.a[608](libcrypto-lib-p12_p8e.o)) was built for newer 'macOS' version (15.0) than being linked (14.0)
ld: warning: object file (/opt/homebrew/Cellar/openssl@3/3.6.4/lib/libcrypto.a[610](libcrypto-lib-p12_utl.o)) was built for newer 'macOS' version (15.0) than being linked (14.0)
ld: warning: object file (/opt/homebrew/Cellar/openssl@3/3.6.4/lib/libcrypto.a[611](libcrypto-lib-pk12err.o)) was built for newer 'macOS' version (15.0) than being linked (14.0)
ld: warning: object file (/opt/homebrew/Cellar/openssl@3/3.6.4/lib/libcrypto.a[613](libcrypto-lib-pk7_asn1.o)) was built for newer 'macOS' version (15.0) than being linked (14.0)
ld: warning: object file (/opt/homebrew/Cellar/openssl@3/3.6.4/lib/libcrypto.a[614](libcrypto-lib-pk7_attr.o)) was built for newer 'macOS' version (15.0) than being linked (14.0)
ld: warning: object file (/opt/homebrew/Cellar/openssl@3/3.6.4/lib/libcrypto.a[615](libcrypto-lib-pk7_doit.o)) was built for newer 'macOS' version (15.0) than being linked (14.0)
ld: warning: object file (/opt/homebrew/Cellar/openssl@3/3.6.4/lib/libcrypto.a[616](libcrypto-lib-pk7_lib.o)) was built for newer 'macOS' version (15.0) than being linked (14.0)
ld: warning: object file (/opt/homebrew/Cellar/openssl@3/3.6.4/lib/libcrypto.a[619](libcrypto-lib-pkcs7err.o)) was built for newer 'macOS' version (15.0) than being linked (14.0)
ld: warning: object file (/opt/homebrew/Cellar/openssl@3/3.6.4/lib/libcrypto.a[620](libcrypto-lib-poly1305-armv8.o)) was built for newer 'macOS' version (15.0) than being linked (14.0)
ld: warning: object file (/opt/homebrew/Cellar/openssl@3/3.6.4/lib/libcrypto.a[621](libcrypto-lib-poly1305.o)) was built for newer 'macOS' version (15.0) than being linked (14.0)
ld: warning: object file (/opt/homebrew/Cellar/openssl@3/3.6.4/lib/libcrypto.a[622](libcrypto-lib-defn_cache.o)) was built for newer 'macOS' version (15.0) than being linked (14.0)
ld: warning: object file (/opt/homebrew/Cellar/openssl@3/3.6.4/lib/libcrypto.a[623](libcrypto-lib-property.o)) was built for newer 'macOS' version (15.0) than being linked (14.0)
ld: warning: object file (/opt/homebrew/Cellar/openssl@3/3.6.4/lib/libcrypto.a[624](libcrypto-lib-property_err.o)) was built for newer 'macOS' version (15.0) than being linked (14.0)
ld: warning: object file (/opt/homebrew/Cellar/openssl@3/3.6.4/lib/libcrypto.a[625](libcrypto-lib-property_parse.o)) was built for newer 'macOS' version (15.0) than being linked (14.0)
ld: warning: object file (/opt/homebrew/Cellar/openssl@3/3.6.4/lib/libcrypto.a[626](libcrypto-lib-property_query.o)) was built for newer 'macOS' version (15.0) than being linked (14.0)
ld: warning: object file (/opt/homebrew/Cellar/openssl@3/3.6.4/lib/libcrypto.a[627](libcrypto-lib-property_string.o)) was built for newer 'macOS' version (15.0) than being linked (14.0)
ld: warning: object file (/opt/homebrew/Cellar/openssl@3/3.6.4/lib/libcrypto.a[628](libcrypto-lib-prov_seed.o)) was built for newer 'macOS' version (15.0) than being linked (14.0)
ld: warning: object file (/opt/homebrew/Cellar/openssl@3/3.6.4/lib/libcrypto.a[630](libcrypto-lib-rand_err.o)) was built for newer 'macOS' version (15.0) than being linked (14.0)
ld: warning: object file (/opt/homebrew/Cellar/openssl@3/3.6.4/lib/libcrypto.a[631](libcrypto-lib-rand_lib.o)) was built for newer 'macOS' version (15.0) than being linked (14.0)
ld: warning: object file (/opt/homebrew/Cellar/openssl@3/3.6.4/lib/libcrypto.a[632](libcrypto-lib-rand_meth.o)) was built for newer 'macOS' version (15.0) than being linked (14.0)
ld: warning: object file (/opt/homebrew/Cellar/openssl@3/3.6.4/lib/libcrypto.a[633](libcrypto-lib-rand_pool.o)) was built for newer 'macOS' version (15.0) than being linked (14.0)
ld: warning: object file (/opt/homebrew/Cellar/openssl@3/3.6.4/lib/libcrypto.a[634](libcrypto-lib-rand_uniform.o)) was built for newer 'macOS' version (15.0) than being linked (14.0)
ld: warning: object file (/opt/homebrew/Cellar/openssl@3/3.6.4/lib/libcrypto.a[636](libcrypto-lib-rc2_cbc.o)) was built for newer 'macOS' version (15.0) than being linked (14.0)
ld: warning: object file (/opt/homebrew/Cellar/openssl@3/3.6.4/lib/libcrypto.a[637](libcrypto-lib-rc2_ecb.o)) was built for newer 'macOS' version (15.0) than being linked (14.0)
ld: warning: object file (/opt/homebrew/Cellar/openssl@3/3.6.4/lib/libcrypto.a[638](libcrypto-lib-rc2_skey.o)) was built for newer 'macOS' version (15.0) than being linked (14.0)
ld: warning: object file (/opt/homebrew/Cellar/openssl@3/3.6.4/lib/libcrypto.a[639](libcrypto-lib-rc2cfb64.o)) was built for newer 'macOS' version (15.0) than being linked (14.0)
ld: warning: object file (/opt/homebrew/Cellar/openssl@3/3.6.4/lib/libcrypto.a[640](libcrypto-lib-rc2ofb64.o)) was built for newer 'macOS' version (15.0) than being linked (14.0)
ld: warning: object file (/opt/homebrew/Cellar/openssl@3/3.6.4/lib/libcrypto.a[641](libcrypto-lib-rc4_enc.o)) was built for newer 'macOS' version (15.0) than being linked (14.0)
ld: warning: object file (/opt/homebrew/Cellar/openssl@3/3.6.4/lib/libcrypto.a[642](libcrypto-lib-rc4_skey.o)) was built for newer 'macOS' version (15.0) than being linked (14.0)
ld: warning: object file (/opt/homebrew/Cellar/openssl@3/3.6.4/lib/libcrypto.a[643](libcrypto-lib-rmd_dgst.o)) was built for newer 'macOS' version (15.0) than being linked (14.0)
ld: warning: object file (/opt/homebrew/Cellar/openssl@3/3.6.4/lib/libcrypto.a[645](libcrypto-lib-rsa_ameth.o)) was built for newer 'macOS' version (15.0) than being linked (14.0)
ld: warning: object file (/opt/homebrew/Cellar/openssl@3/3.6.4/lib/libcrypto.a[646](libcrypto-lib-rsa_asn1.o)) was built for newer 'macOS' version (15.0) than being linked (14.0)
ld: warning: object file (/opt/homebrew/Cellar/openssl@3/3.6.4/lib/libcrypto.a[647](libcrypto-lib-rsa_backend.o)) was built for newer 'macOS' version (15.0) than being linked (14.0)
ld: warning: object file (/opt/homebrew/Cellar/openssl@3/3.6.4/lib/libcrypto.a[648](libcrypto-lib-rsa_chk.o)) was built for newer 'macOS' version (15.0) than being linked (14.0)
ld: warning: object file (/opt/homebrew/Cellar/openssl@3/3.6.4/lib/libcrypto.a[649](libcrypto-lib-rsa_crpt.o)) was built for newer 'macOS' version (15.0) than being linked (14.0)
ld: warning: object file (/opt/homebrew/Cellar/openssl@3/3.6.4/lib/libcrypto.a[651](libcrypto-lib-rsa_err.o)) was built for newer 'macOS' version (15.0) than being linked (14.0)
ld: warning: object file (/opt/homebrew/Cellar/openssl@3/3.6.4/lib/libcrypto.a[652](libcrypto-lib-rsa_gen.o)) was built for newer 'macOS' version (15.0) than being linked (14.0)
ld: warning: object file (/opt/homebrew/Cellar/openssl@3/3.6.4/lib/libcrypto.a[653](libcrypto-lib-rsa_lib.o)) was built for newer 'macOS' version (15.0) than being linked (14.0)
ld: warning: object file (/opt/homebrew/Cellar/openssl@3/3.6.4/lib/libcrypto.a[655](libcrypto-lib-rsa_mp.o)) was built for newer 'macOS' version (15.0) than being linked (14.0)
ld: warning: object file (/opt/homebrew/Cellar/openssl@3/3.6.4/lib/libcrypto.a[656](libcrypto-lib-rsa_mp_names.o)) was built for newer 'macOS' version (15.0) than being linked (14.0)
ld: warning: object file (/opt/homebrew/Cellar/openssl@3/3.6.4/lib/libcrypto.a[657](libcrypto-lib-rsa_none.o)) was built for newer 'macOS' version (15.0) than being linked (14.0)
ld: warning: object file (/opt/homebrew/Cellar/openssl@3/3.6.4/lib/libcrypto.a[658](libcrypto-lib-rsa_oaep.o)) was built for newer 'macOS' version (15.0) than being linked (14.0)
ld: warning: object file (/opt/homebrew/Cellar/openssl@3/3.6.4/lib/libcrypto.a[659](libcrypto-lib-rsa_ossl.o)) was built for newer 'macOS' version (15.0) than being linked (14.0)
ld: warning: object file (/opt/homebrew/Cellar/openssl@3/3.6.4/lib/libcrypto.a[660](libcrypto-lib-rsa_pk1.o)) was built for newer 'macOS' version (15.0) than being linked (14.0)
ld: warning: object file (/opt/homebrew/Cellar/openssl@3/3.6.4/lib/libcrypto.a[661](libcrypto-lib-rsa_pmeth.o)) was built for newer 'macOS' version (15.0) than being linked (14.0)
ld: warning: object file (/opt/homebrew/Cellar/openssl@3/3.6.4/lib/libcrypto.a[663](libcrypto-lib-rsa_pss.o)) was built for newer 'macOS' version (15.0) than being linked (14.0)
ld: warning: object file (/opt/homebrew/Cellar/openssl@3/3.6.4/lib/libcrypto.a[664](libcrypto-lib-rsa_saos.o)) was built for newer 'macOS' version (15.0) than being linked (14.0)
ld: warning: object file (/opt/homebrew/Cellar/openssl@3/3.6.4/lib/libcrypto.a[665](libcrypto-lib-rsa_schemes.o)) was built for newer 'macOS' version (15.0) than being linked (14.0)
ld: warning: object file (/opt/homebrew/Cellar/openssl@3/3.6.4/lib/libcrypto.a[666](libcrypto-lib-rsa_sign.o)) was built for newer 'macOS' version (15.0) than being linked (14.0)
ld: warning: object file (/opt/homebrew/Cellar/openssl@3/3.6.4/lib/libcrypto.a[667](libcrypto-lib-rsa_sp800_56b_check.o)) was built for newer 'macOS' version (15.0) than being linked (14.0)
ld: warning: object file (/opt/homebrew/Cellar/openssl@3/3.6.4/lib/libcrypto.a[668](libcrypto-lib-rsa_sp800_56b_gen.o)) was built for newer 'macOS' version (15.0) than being linked (14.0)
ld: warning: object file (/opt/homebrew/Cellar/openssl@3/3.6.4/lib/libcrypto.a[669](libcrypto-lib-rsa_x931.o)) was built for newer 'macOS' version (15.0) than being linked (14.0)
ld: warning: object file (/opt/homebrew/Cellar/openssl@3/3.6.4/lib/libcrypto.a[671](libcrypto-lib-seed.o)) was built for newer 'macOS' version (15.0) than being linked (14.0)
ld: warning: object file (/opt/homebrew/Cellar/openssl@3/3.6.4/lib/libcrypto.a[672](libcrypto-lib-seed_cbc.o)) was built for newer 'macOS' version (15.0) than being linked (14.0)
ld: warning: object file (/opt/homebrew/Cellar/openssl@3/3.6.4/lib/libcrypto.a[673](libcrypto-lib-seed_cfb.o)) was built for newer 'macOS' version (15.0) than being linked (14.0)
ld: warning: object file (/opt/homebrew/Cellar/openssl@3/3.6.4/lib/libcrypto.a[674](libcrypto-lib-seed_ecb.o)) was built for newer 'macOS' version (15.0) than being linked (14.0)
ld: warning: object file (/opt/homebrew/Cellar/openssl@3/3.6.4/lib/libcrypto.a[675](libcrypto-lib-seed_ofb.o)) was built for newer 'macOS' version (15.0) than being linked (14.0)
ld: warning: object file (/opt/homebrew/Cellar/openssl@3/3.6.4/lib/libcrypto.a[676](libcrypto-lib-keccak1600-armv8.o)) was built for newer 'macOS' version (15.0) than being linked (14.0)
ld: warning: object file (/opt/homebrew/Cellar/openssl@3/3.6.4/lib/libcrypto.a[677](libcrypto-lib-sha1-armv8.o)) was built for newer 'macOS' version (15.0) than being linked (14.0)
ld: warning: object file (/opt/homebrew/Cellar/openssl@3/3.6.4/lib/libcrypto.a[678](libcrypto-lib-sha1_one.o)) was built for newer 'macOS' version (15.0) than being linked (14.0)
ld: warning: object file (/opt/homebrew/Cellar/openssl@3/3.6.4/lib/libcrypto.a[679](libcrypto-lib-sha1dgst.o)) was built for newer 'macOS' version (15.0) than being linked (14.0)
ld: warning: object file (/opt/homebrew/Cellar/openssl@3/3.6.4/lib/libcrypto.a[680](libcrypto-lib-sha256-armv8.o)) was built for newer 'macOS' version (15.0) than being linked (14.0)
ld: warning: object file (/opt/homebrew/Cellar/openssl@3/3.6.4/lib/libcrypto.a[681](libcrypto-lib-sha256.o)) was built for newer 'macOS' version (15.0) than being linked (14.0)
ld: warning: object file (/opt/homebrew/Cellar/openssl@3/3.6.4/lib/libcrypto.a[682](libcrypto-lib-sha3.o)) was built for newer 'macOS' version (15.0) than being linked (14.0)
ld: warning: object file (/opt/homebrew/Cellar/openssl@3/3.6.4/lib/libcrypto.a[683](libcrypto-lib-sha512-armv8.o)) was built for newer 'macOS' version (15.0) than being linked (14.0)
ld: warning: object file (/opt/homebrew/Cellar/openssl@3/3.6.4/lib/libcrypto.a[684](libcrypto-lib-sha512.o)) was built for newer 'macOS' version (15.0) than being linked (14.0)
ld: warning: object file (/opt/homebrew/Cellar/openssl@3/3.6.4/lib/libcrypto.a[685](libcrypto-lib-siphash.o)) was built for newer 'macOS' version (15.0) than being linked (14.0)
ld: warning: object file (/opt/homebrew/Cellar/openssl@3/3.6.4/lib/libcrypto.a[686](libcrypto-lib-slh_adrs.o)) was built for newer 'macOS' version (15.0) than being linked (14.0)
ld: warning: object file (/opt/homebrew/Cellar/openssl@3/3.6.4/lib/libcrypto.a[687](libcrypto-lib-slh_dsa.o)) was built for newer 'macOS' version (15.0) than being linked (14.0)
ld: warning: object file (/opt/homebrew/Cellar/openssl@3/3.6.4/lib/libcrypto.a[688](libcrypto-lib-slh_dsa_hash_ctx.o)) was built for newer 'macOS' version (15.0) than being linked (14.0)
ld: warning: object file (/opt/homebrew/Cellar/openssl@3/3.6.4/lib/libcrypto.a[689](libcrypto-lib-slh_dsa_key.o)) was built for newer 'macOS' version (15.0) than being linked (14.0)
ld: warning: object file (/opt/homebrew/Cellar/openssl@3/3.6.4/lib/libcrypto.a[690](libcrypto-lib-slh_fors.o)) was built for newer 'macOS' version (15.0) than being linked (14.0)
ld: warning: object file (/opt/homebrew/Cellar/openssl@3/3.6.4/lib/libcrypto.a[691](libcrypto-lib-slh_hash.o)) was built for newer 'macOS' version (15.0) than being linked (14.0)
ld: warning: object file (/opt/homebrew/Cellar/openssl@3/3.6.4/lib/libcrypto.a[692](libcrypto-lib-slh_hypertree.o)) was built for newer 'macOS' version (15.0) than being linked (14.0)
ld: warning: object file (/opt/homebrew/Cellar/openssl@3/3.6.4/lib/libcrypto.a[693](libcrypto-lib-slh_params.o)) was built for newer 'macOS' version (15.0) than being linked (14.0)
ld: warning: object file (/opt/homebrew/Cellar/openssl@3/3.6.4/lib/libcrypto.a[694](libcrypto-lib-slh_wots.o)) was built for newer 'macOS' version (15.0) than being linked (14.0)
ld: warning: object file (/opt/homebrew/Cellar/openssl@3/3.6.4/lib/libcrypto.a[695](libcrypto-lib-slh_xmss.o)) was built for newer 'macOS' version (15.0) than being linked (14.0)
ld: warning: object file (/opt/homebrew/Cellar/openssl@3/3.6.4/lib/libcrypto.a[696](libcrypto-lib-sm2_crypt.o)) was built for newer 'macOS' version (15.0) than being linked (14.0)
ld: warning: object file (/opt/homebrew/Cellar/openssl@3/3.6.4/lib/libcrypto.a[697](libcrypto-lib-sm2_err.o)) was built for newer 'macOS' version (15.0) than being linked (14.0)
ld: warning: object file (/opt/homebrew/Cellar/openssl@3/3.6.4/lib/libcrypto.a[698](libcrypto-lib-sm2_key.o)) was built for newer 'macOS' version (15.0) than being linked (14.0)
ld: warning: object file (/opt/homebrew/Cellar/openssl@3/3.6.4/lib/libcrypto.a[699](libcrypto-lib-sm2_sign.o)) was built for newer 'macOS' version (15.0) than being linked (14.0)
ld: warning: object file (/opt/homebrew/Cellar/openssl@3/3.6.4/lib/libcrypto.a[700](libcrypto-lib-legacy_sm3.o)) was built for newer 'macOS' version (15.0) than being linked (14.0)
ld: warning: object file (/opt/homebrew/Cellar/openssl@3/3.6.4/lib/libcrypto.a[701](libcrypto-lib-sm3-armv8.o)) was built for newer 'macOS' version (15.0) than being linked (14.0)
ld: warning: object file (/opt/homebrew/Cellar/openssl@3/3.6.4/lib/libcrypto.a[702](libcrypto-lib-sm3.o)) was built for newer 'macOS' version (15.0) than being linked (14.0)
ld: warning: object file (/opt/homebrew/Cellar/openssl@3/3.6.4/lib/libcrypto.a[703](libcrypto-lib-sm4-armv8.o)) was built for newer 'macOS' version (15.0) than being linked (14.0)
ld: warning: object file (/opt/homebrew/Cellar/openssl@3/3.6.4/lib/libcrypto.a[704](libcrypto-lib-sm4.o)) was built for newer 'macOS' version (15.0) than being linked (14.0)
ld: warning: object file (/opt/homebrew/Cellar/openssl@3/3.6.4/lib/libcrypto.a[705](libcrypto-lib-vpsm4-armv8.o)) was built for newer 'macOS' version (15.0) than being linked (14.0)
ld: warning: object file (/opt/homebrew/Cellar/openssl@3/3.6.4/lib/libcrypto.a[706](libcrypto-lib-vpsm4_ex-armv8.o)) was built for newer 'macOS' version (15.0) than being linked (14.0)
ld: warning: object file (/opt/homebrew/Cellar/openssl@3/3.6.4/lib/libcrypto.a[709](libcrypto-lib-stack.o)) was built for newer 'macOS' version (15.0) than being linked (14.0)
ld: warning: object file (/opt/homebrew/Cellar/openssl@3/3.6.4/lib/libcrypto.a[710](libcrypto-lib-store_err.o)) was built for newer 'macOS' version (15.0) than being linked (14.0)
ld: warning: object file (/opt/homebrew/Cellar/openssl@3/3.6.4/lib/libcrypto.a[711](libcrypto-lib-store_init.o)) was built for newer 'macOS' version (15.0) than being linked (14.0)
ld: warning: object file (/opt/homebrew/Cellar/openssl@3/3.6.4/lib/libcrypto.a[713](libcrypto-lib-store_meth.o)) was built for newer 'macOS' version (15.0) than being linked (14.0)
ld: warning: object file (/opt/homebrew/Cellar/openssl@3/3.6.4/lib/libcrypto.a[714](libcrypto-lib-store_register.o)) was built for newer 'macOS' version (15.0) than being linked (14.0)
ld: warning: object file (/opt/homebrew/Cellar/openssl@3/3.6.4/lib/libcrypto.a[718](libcrypto-lib-thread_posix.o)) was built for newer 'macOS' version (15.0) than being linked (14.0)
ld: warning: object file (/opt/homebrew/Cellar/openssl@3/3.6.4/lib/libcrypto.a[721](libcrypto-lib-arch.o)) was built for newer 'macOS' version (15.0) than being linked (14.0)
ld: warning: object file (/opt/homebrew/Cellar/openssl@3/3.6.4/lib/libcrypto.a[722](libcrypto-lib-internal.o)) was built for newer 'macOS' version (15.0) than being linked (14.0)
ld: warning: object file (/opt/homebrew/Cellar/openssl@3/3.6.4/lib/libcrypto.a[725](libcrypto-lib-ts_err.o)) was built for newer 'macOS' version (15.0) than being linked (14.0)
ld: warning: object file (/opt/homebrew/Cellar/openssl@3/3.6.4/lib/libcrypto.a[735](libcrypto-lib-ui_err.o)) was built for newer 'macOS' version (15.0) than being linked (14.0)
ld: warning: object file (/opt/homebrew/Cellar/openssl@3/3.6.4/lib/libcrypto.a[736](libcrypto-lib-ui_lib.o)) was built for newer 'macOS' version (15.0) than being linked (14.0)
ld: warning: object file (/opt/homebrew/Cellar/openssl@3/3.6.4/lib/libcrypto.a[737](libcrypto-lib-ui_null.o)) was built for newer 'macOS' version (15.0) than being linked (14.0)
ld: warning: object file (/opt/homebrew/Cellar/openssl@3/3.6.4/lib/libcrypto.a[738](libcrypto-lib-ui_openssl.o)) was built for newer 'macOS' version (15.0) than being linked (14.0)
ld: warning: object file (/opt/homebrew/Cellar/openssl@3/3.6.4/lib/libcrypto.a[739](libcrypto-lib-ui_util.o)) was built for newer 'macOS' version (15.0) than being linked (14.0)
ld: warning: object file (/opt/homebrew/Cellar/openssl@3/3.6.4/lib/libcrypto.a[740](libcrypto-lib-wp_block.o)) was built for newer 'macOS' version (15.0) than being linked (14.0)
ld: warning: object file (/opt/homebrew/Cellar/openssl@3/3.6.4/lib/libcrypto.a[741](libcrypto-lib-wp_dgst.o)) was built for newer 'macOS' version (15.0) than being linked (14.0)
ld: warning: object file (/opt/homebrew/Cellar/openssl@3/3.6.4/lib/libcrypto.a[745](libcrypto-lib-pcy_cache.o)) was built for newer 'macOS' version (15.0) than being linked (14.0)
ld: warning: object file (/opt/homebrew/Cellar/openssl@3/3.6.4/lib/libcrypto.a[746](libcrypto-lib-pcy_data.o)) was built for newer 'macOS' version (15.0) than being linked (14.0)
ld: warning: object file (/opt/homebrew/Cellar/openssl@3/3.6.4/lib/libcrypto.a[747](libcrypto-lib-pcy_lib.o)) was built for newer 'macOS' version (15.0) than being linked (14.0)
ld: warning: object file (/opt/homebrew/Cellar/openssl@3/3.6.4/lib/libcrypto.a[748](libcrypto-lib-pcy_map.o)) was built for newer 'macOS' version (15.0) than being linked (14.0)
ld: warning: object file (/opt/homebrew/Cellar/openssl@3/3.6.4/lib/libcrypto.a[749](libcrypto-lib-pcy_node.o)) was built for newer 'macOS' version (15.0) than being linked (14.0)
ld: warning: object file (/opt/homebrew/Cellar/openssl@3/3.6.4/lib/libcrypto.a[750](libcrypto-lib-pcy_tree.o)) was built for newer 'macOS' version (15.0) than being linked (14.0)
ld: warning: object file (/opt/homebrew/Cellar/openssl@3/3.6.4/lib/libcrypto.a[754](libcrypto-lib-t_x509.o)) was built for newer 'macOS' version (15.0) than being linked (14.0)
ld: warning: object file (/opt/homebrew/Cellar/openssl@3/3.6.4/lib/libcrypto.a[755](libcrypto-lib-v3_aaa.o)) was built for newer 'macOS' version (15.0) than being linked (14.0)
ld: warning: object file (/opt/homebrew/Cellar/openssl@3/3.6.4/lib/libcrypto.a[756](libcrypto-lib-v3_ac_tgt.o)) was built for newer 'macOS' version (15.0) than being linked (14.0)
ld: warning: object file (/opt/homebrew/Cellar/openssl@3/3.6.4/lib/libcrypto.a[757](libcrypto-lib-v3_addr.o)) was built for newer 'macOS' version (15.0) than being linked (14.0)
ld: warning: object file (/opt/homebrew/Cellar/openssl@3/3.6.4/lib/libcrypto.a[758](libcrypto-lib-v3_admis.o)) was built for newer 'macOS' version (15.0) than being linked (14.0)
ld: warning: object file (/opt/homebrew/Cellar/openssl@3/3.6.4/lib/libcrypto.a[759](libcrypto-lib-v3_akeya.o)) was built for newer 'macOS' version (15.0) than being linked (14.0)
ld: warning: object file (/opt/homebrew/Cellar/openssl@3/3.6.4/lib/libcrypto.a[760](libcrypto-lib-v3_akid.o)) was built for newer 'macOS' version (15.0) than being linked (14.0)
ld: warning: object file (/opt/homebrew/Cellar/openssl@3/3.6.4/lib/libcrypto.a[761](libcrypto-lib-v3_asid.o)) was built for newer 'macOS' version (15.0) than being linked (14.0)
ld: warning: object file (/opt/homebrew/Cellar/openssl@3/3.6.4/lib/libcrypto.a[762](libcrypto-lib-v3_attrdesc.o)) was built for newer 'macOS' version (15.0) than being linked (14.0)
ld: warning: object file (/opt/homebrew/Cellar/openssl@3/3.6.4/lib/libcrypto.a[763](libcrypto-lib-v3_attrmap.o)) was built for newer 'macOS' version (15.0) than being linked (14.0)
ld: warning: object file (/opt/homebrew/Cellar/openssl@3/3.6.4/lib/libcrypto.a[764](libcrypto-lib-v3_audit_id.o)) was built for newer 'macOS' version (15.0) than being linked (14.0)
ld: warning: object file (/opt/homebrew/Cellar/openssl@3/3.6.4/lib/libcrypto.a[765](libcrypto-lib-v3_authattid.o)) was built for newer 'macOS' version (15.0) than being linked (14.0)
ld: warning: object file (/opt/homebrew/Cellar/openssl@3/3.6.4/lib/libcrypto.a[766](libcrypto-lib-v3_battcons.o)) was built for newer 'macOS' version (15.0) than being linked (14.0)
ld: warning: object file (/opt/homebrew/Cellar/openssl@3/3.6.4/lib/libcrypto.a[767](libcrypto-lib-v3_bcons.o)) was built for newer 'macOS' version (15.0) than being linked (14.0)
ld: warning: object file (/opt/homebrew/Cellar/openssl@3/3.6.4/lib/libcrypto.a[768](libcrypto-lib-v3_bitst.o)) was built for newer 'macOS' version (15.0) than being linked (14.0)
ld: warning: object file (/opt/homebrew/Cellar/openssl@3/3.6.4/lib/libcrypto.a[769](libcrypto-lib-v3_conf.o)) was built for newer 'macOS' version (15.0) than being linked (14.0)
ld: warning: object file (/opt/homebrew/Cellar/openssl@3/3.6.4/lib/libcrypto.a[770](libcrypto-lib-v3_cpols.o)) was built for newer 'macOS' version (15.0) than being linked (14.0)
ld: warning: object file (/opt/homebrew/Cellar/openssl@3/3.6.4/lib/libcrypto.a[771](libcrypto-lib-v3_crld.o)) was built for newer 'macOS' version (15.0) than being linked (14.0)
ld: warning: object file (/opt/homebrew/Cellar/openssl@3/3.6.4/lib/libcrypto.a[772](libcrypto-lib-v3_enum.o)) was built for newer 'macOS' version (15.0) than being linked (14.0)
ld: warning: object file (/opt/homebrew/Cellar/openssl@3/3.6.4/lib/libcrypto.a[773](libcrypto-lib-v3_extku.o)) was built for newer 'macOS' version (15.0) than being linked (14.0)
ld: warning: object file (/opt/homebrew/Cellar/openssl@3/3.6.4/lib/libcrypto.a[774](libcrypto-lib-v3_genn.o)) was built for newer 'macOS' version (15.0) than being linked (14.0)
ld: warning: object file (/opt/homebrew/Cellar/openssl@3/3.6.4/lib/libcrypto.a[775](libcrypto-lib-v3_group_ac.o)) was built for newer 'macOS' version (15.0) than being linked (14.0)
ld: warning: object file (/opt/homebrew/Cellar/openssl@3/3.6.4/lib/libcrypto.a[776](libcrypto-lib-v3_ia5.o)) was built for newer 'macOS' version (15.0) than being linked (14.0)
ld: warning: object file (/opt/homebrew/Cellar/openssl@3/3.6.4/lib/libcrypto.a[777](libcrypto-lib-v3_ind_iss.o)) was built for newer 'macOS' version (15.0) than being linked (14.0)
ld: warning: object file (/opt/homebrew/Cellar/openssl@3/3.6.4/lib/libcrypto.a[778](libcrypto-lib-v3_info.o)) was built for newer 'macOS' version (15.0) than being linked (14.0)
ld: warning: object file (/opt/homebrew/Cellar/openssl@3/3.6.4/lib/libcrypto.a[779](libcrypto-lib-v3_int.o)) was built for newer 'macOS' version (15.0) than being linked (14.0)
ld: warning: object file (/opt/homebrew/Cellar/openssl@3/3.6.4/lib/libcrypto.a[780](libcrypto-lib-v3_iobo.o)) was built for newer 'macOS' version (15.0) than being linked (14.0)
ld: warning: object file (/opt/homebrew/Cellar/openssl@3/3.6.4/lib/libcrypto.a[781](libcrypto-lib-v3_ist.o)) was built for newer 'macOS' version (15.0) than being linked (14.0)
ld: warning: object file (/opt/homebrew/Cellar/openssl@3/3.6.4/lib/libcrypto.a[782](libcrypto-lib-v3_lib.o)) was built for newer 'macOS' version (15.0) than being linked (14.0)
ld: warning: object file (/opt/homebrew/Cellar/openssl@3/3.6.4/lib/libcrypto.a[783](libcrypto-lib-v3_ncons.o)) was built for newer 'macOS' version (15.0) than being linked (14.0)
ld: warning: object file (/opt/homebrew/Cellar/openssl@3/3.6.4/lib/libcrypto.a[784](libcrypto-lib-v3_no_ass.o)) was built for newer 'macOS' version (15.0) than being linked (14.0)
ld: warning: object file (/opt/homebrew/Cellar/openssl@3/3.6.4/lib/libcrypto.a[785](libcrypto-lib-v3_no_rev_avail.o)) was built for newer 'macOS' version (15.0) than being linked (14.0)
ld: warning: object file (/opt/homebrew/Cellar/openssl@3/3.6.4/lib/libcrypto.a[786](libcrypto-lib-v3_pci.o)) was built for newer 'macOS' version (15.0) than being linked (14.0)
ld: warning: object file (/opt/homebrew/Cellar/openssl@3/3.6.4/lib/libcrypto.a[787](libcrypto-lib-v3_pcia.o)) was built for newer 'macOS' version (15.0) than being linked (14.0)
ld: warning: object file (/opt/homebrew/Cellar/openssl@3/3.6.4/lib/libcrypto.a[788](libcrypto-lib-v3_pcons.o)) was built for newer 'macOS' version (15.0) than being linked (14.0)
ld: warning: object file (/opt/homebrew/Cellar/openssl@3/3.6.4/lib/libcrypto.a[789](libcrypto-lib-v3_pku.o)) was built for newer 'macOS' version (15.0) than being linked (14.0)
ld: warning: object file (/opt/homebrew/Cellar/openssl@3/3.6.4/lib/libcrypto.a[790](libcrypto-lib-v3_pmaps.o)) was built for newer 'macOS' version (15.0) than being linked (14.0)
ld: warning: object file (/opt/homebrew/Cellar/openssl@3/3.6.4/lib/libcrypto.a[791](libcrypto-lib-v3_prn.o)) was built for newer 'macOS' version (15.0) than being linked (14.0)
ld: warning: object file (/opt/homebrew/Cellar/openssl@3/3.6.4/lib/libcrypto.a[792](libcrypto-lib-v3_purp.o)) was built for newer 'macOS' version (15.0) than being linked (14.0)
ld: warning: object file (/opt/homebrew/Cellar/openssl@3/3.6.4/lib/libcrypto.a[793](libcrypto-lib-v3_rolespec.o)) was built for newer 'macOS' version (15.0) than being linked (14.0)
ld: warning: object file (/opt/homebrew/Cellar/openssl@3/3.6.4/lib/libcrypto.a[794](libcrypto-lib-v3_san.o)) was built for newer 'macOS' version (15.0) than being linked (14.0)
ld: warning: object file (/opt/homebrew/Cellar/openssl@3/3.6.4/lib/libcrypto.a[795](libcrypto-lib-v3_sda.o)) was built for newer 'macOS' version (15.0) than being linked (14.0)
ld: warning: object file (/opt/homebrew/Cellar/openssl@3/3.6.4/lib/libcrypto.a[796](libcrypto-lib-v3_single_use.o)) was built for newer 'macOS' version (15.0) than being linked (14.0)
ld: warning: object file (/opt/homebrew/Cellar/openssl@3/3.6.4/lib/libcrypto.a[797](libcrypto-lib-v3_skid.o)) was built for newer 'macOS' version (15.0) than being linked (14.0)
ld: warning: object file (/opt/homebrew/Cellar/openssl@3/3.6.4/lib/libcrypto.a[798](libcrypto-lib-v3_soa_id.o)) was built for newer 'macOS' version (15.0) than being linked (14.0)
ld: warning: object file (/opt/homebrew/Cellar/openssl@3/3.6.4/lib/libcrypto.a[799](libcrypto-lib-v3_sxnet.o)) was built for newer 'macOS' version (15.0) than being linked (14.0)
ld: warning: object file (/opt/homebrew/Cellar/openssl@3/3.6.4/lib/libcrypto.a[800](libcrypto-lib-v3_timespec.o)) was built for newer 'macOS' version (15.0) than being linked (14.0)
ld: warning: object file (/opt/homebrew/Cellar/openssl@3/3.6.4/lib/libcrypto.a[801](libcrypto-lib-v3_tlsf.o)) was built for newer 'macOS' version (15.0) than being linked (14.0)
ld: warning: object file (/opt/homebrew/Cellar/openssl@3/3.6.4/lib/libcrypto.a[802](libcrypto-lib-v3_usernotice.o)) was built for newer 'macOS' version (15.0) than being linked (14.0)
ld: warning: object file (/opt/homebrew/Cellar/openssl@3/3.6.4/lib/libcrypto.a[803](libcrypto-lib-v3_utf8.o)) was built for newer 'macOS' version (15.0) than being linked (14.0)
ld: warning: object file (/opt/homebrew/Cellar/openssl@3/3.6.4/lib/libcrypto.a[804](libcrypto-lib-v3_utl.o)) was built for newer 'macOS' version (15.0) than being linked (14.0)
ld: warning: object file (/opt/homebrew/Cellar/openssl@3/3.6.4/lib/libcrypto.a[805](libcrypto-lib-v3err.o)) was built for newer 'macOS' version (15.0) than being linked (14.0)
ld: warning: object file (/opt/homebrew/Cellar/openssl@3/3.6.4/lib/libcrypto.a[806](libcrypto-lib-x509_acert.o)) was built for newer 'macOS' version (15.0) than being linked (14.0)
ld: warning: object file (/opt/homebrew/Cellar/openssl@3/3.6.4/lib/libcrypto.a[807](libcrypto-lib-x509_att.o)) was built for newer 'macOS' version (15.0) than being linked (14.0)
ld: warning: object file (/opt/homebrew/Cellar/openssl@3/3.6.4/lib/libcrypto.a[808](libcrypto-lib-x509_cmp.o)) was built for newer 'macOS' version (15.0) than being linked (14.0)
ld: warning: object file (/opt/homebrew/Cellar/openssl@3/3.6.4/lib/libcrypto.a[810](libcrypto-lib-x509_def.o)) was built for newer 'macOS' version (15.0) than being linked (14.0)
ld: warning: object file (/opt/homebrew/Cellar/openssl@3/3.6.4/lib/libcrypto.a[811](libcrypto-lib-x509_err.o)) was built for newer 'macOS' version (15.0) than being linked (14.0)
ld: warning: object file (/opt/homebrew/Cellar/openssl@3/3.6.4/lib/libcrypto.a[812](libcrypto-lib-x509_ext.o)) was built for newer 'macOS' version (15.0) than being linked (14.0)
ld: warning: object file (/opt/homebrew/Cellar/openssl@3/3.6.4/lib/libcrypto.a[813](libcrypto-lib-x509_lu.o)) was built for newer 'macOS' version (15.0) than being linked (14.0)
ld: warning: object file (/opt/homebrew/Cellar/openssl@3/3.6.4/lib/libcrypto.a[815](libcrypto-lib-x509_obj.o)) was built for newer 'macOS' version (15.0) than being linked (14.0)
ld: warning: object file (/opt/homebrew/Cellar/openssl@3/3.6.4/lib/libcrypto.a[817](libcrypto-lib-x509_req.o)) was built for newer 'macOS' version (15.0) than being linked (14.0)
ld: warning: object file (/opt/homebrew/Cellar/openssl@3/3.6.4/lib/libcrypto.a[818](libcrypto-lib-x509_set.o)) was built for newer 'macOS' version (15.0) than being linked (14.0)
ld: warning: object file (/opt/homebrew/Cellar/openssl@3/3.6.4/lib/libcrypto.a[819](libcrypto-lib-x509_trust.o)) was built for newer 'macOS' version (15.0) than being linked (14.0)
ld: warning: object file (/opt/homebrew/Cellar/openssl@3/3.6.4/lib/libcrypto.a[820](libcrypto-lib-x509_txt.o)) was built for newer 'macOS' version (15.0) than being linked (14.0)
ld: warning: object file (/opt/homebrew/Cellar/openssl@3/3.6.4/lib/libcrypto.a[821](libcrypto-lib-x509_v3.o)) was built for newer 'macOS' version (15.0) than being linked (14.0)
ld: warning: object file (/opt/homebrew/Cellar/openssl@3/3.6.4/lib/libcrypto.a[822](libcrypto-lib-x509_vfy.o)) was built for newer 'macOS' version (15.0) than being linked (14.0)
ld: warning: object file (/opt/homebrew/Cellar/openssl@3/3.6.4/lib/libcrypto.a[823](libcrypto-lib-x509_vpm.o)) was built for newer 'macOS' version (15.0) than being linked (14.0)
ld: warning: object file (/opt/homebrew/Cellar/openssl@3/3.6.4/lib/libcrypto.a[825](libcrypto-lib-x509cset.o)) was built for newer 'macOS' version (15.0) than being linked (14.0)
ld: warning: object file (/opt/homebrew/Cellar/openssl@3/3.6.4/lib/libcrypto.a[826](libcrypto-lib-x509name.o)) was built for newer 'macOS' version (15.0) than being linked (14.0)
ld: warning: object file (/opt/homebrew/Cellar/openssl@3/3.6.4/lib/libcrypto.a[827](libcrypto-lib-x509rset.o)) was built for newer 'macOS' version (15.0) than being linked (14.0)
ld: warning: object file (/opt/homebrew/Cellar/openssl@3/3.6.4/lib/libcrypto.a[830](libcrypto-lib-x_all.o)) was built for newer 'macOS' version (15.0) than being linked (14.0)
ld: warning: object file (/opt/homebrew/Cellar/openssl@3/3.6.4/lib/libcrypto.a[831](libcrypto-lib-x_attrib.o)) was built for newer 'macOS' version (15.0) than being linked (14.0)
ld: warning: object file (/opt/homebrew/Cellar/openssl@3/3.6.4/lib/libcrypto.a[832](libcrypto-lib-x_crl.o)) was built for newer 'macOS' version (15.0) than being linked (14.0)
ld: warning: object file (/opt/homebrew/Cellar/openssl@3/3.6.4/lib/libcrypto.a[833](libcrypto-lib-x_exten.o)) was built for newer 'macOS' version (15.0) than being linked (14.0)
ld: warning: object file (/opt/homebrew/Cellar/openssl@3/3.6.4/lib/libcrypto.a[835](libcrypto-lib-x_name.o)) was built for newer 'macOS' version (15.0) than being linked (14.0)
ld: warning: object file (/opt/homebrew/Cellar/openssl@3/3.6.4/lib/libcrypto.a[836](libcrypto-lib-x_pubkey.o)) was built for newer 'macOS' version (15.0) than being linked (14.0)
ld: warning: object file (/opt/homebrew/Cellar/openssl@3/3.6.4/lib/libcrypto.a[837](libcrypto-lib-x_req.o)) was built for newer 'macOS' version (15.0) than being linked (14.0)
ld: warning: object file (/opt/homebrew/Cellar/openssl@3/3.6.4/lib/libcrypto.a[838](libcrypto-lib-x_x509.o)) was built for newer 'macOS' version (15.0) than being linked (14.0)
ld: warning: object file (/opt/homebrew/Cellar/openssl@3/3.6.4/lib/libcrypto.a[839](libcrypto-lib-x_x509a.o)) was built for newer 'macOS' version (15.0) than being linked (14.0)
ld: warning: object file (/opt/homebrew/Cellar/openssl@3/3.6.4/lib/libcrypto.a[840](libcrypto-lib-baseprov.o)) was built for newer 'macOS' version (15.0) than being linked (14.0)
ld: warning: object file (/opt/homebrew/Cellar/openssl@3/3.6.4/lib/libcrypto.a[841](libcrypto-lib-defltprov.o)) was built for newer 'macOS' version (15.0) than being linked (14.0)
ld: warning: object file (/opt/homebrew/Cellar/openssl@3/3.6.4/lib/libcrypto.a[842](libcrypto-lib-nullprov.o)) was built for newer 'macOS' version (15.0) than being linked (14.0)
ld: warning: object file (/opt/homebrew/Cellar/openssl@3/3.6.4/lib/libcrypto.a[843](libcrypto-lib-prov_running.o)) was built for newer 'macOS' version (15.0) than being linked (14.0)
ld: warning: object file (/opt/homebrew/Cellar/openssl@3/3.6.4/lib/libcrypto.a[844](libdefault-lib-der_rsa_sig.o)) was built for newer 'macOS' version (15.0) than being linked (14.0)
ld: warning: object file (/opt/homebrew/Cellar/openssl@3/3.6.4/lib/libcrypto.a[845](libdefault-lib-der_sm2_gen.o)) was built for newer 'macOS' version (15.0) than being linked (14.0)
ld: warning: object file (/opt/homebrew/Cellar/openssl@3/3.6.4/lib/libcrypto.a[847](libdefault-lib-der_sm2_sig.o)) was built for newer 'macOS' version (15.0) than being linked (14.0)
ld: warning: object file (/opt/homebrew/Cellar/openssl@3/3.6.4/lib/libcrypto.a[848](libdefault-lib-bio_prov.o)) was built for newer 'macOS' version (15.0) than being linked (14.0)
ld: warning: object file (/opt/homebrew/Cellar/openssl@3/3.6.4/lib/libcrypto.a[849](libdefault-lib-capabilities.o)) was built for newer 'macOS' version (15.0) than being linked (14.0)
ld: warning: object file (/opt/homebrew/Cellar/openssl@3/3.6.4/lib/libcrypto.a[850](libdefault-lib-digest_to_nid.o)) was built for newer 'macOS' version (15.0) than being linked (14.0)
ld: warning: object file (/opt/homebrew/Cellar/openssl@3/3.6.4/lib/libcrypto.a[851](libdefault-lib-provider_seeding.o)) was built for newer 'macOS' version (15.0) than being linked (14.0)
ld: warning: object file (/opt/homebrew/Cellar/openssl@3/3.6.4/lib/libcrypto.a[852](libdefault-lib-provider_util.o)) was built for newer 'macOS' version (15.0) than being linked (14.0)
ld: warning: object file (/opt/homebrew/Cellar/openssl@3/3.6.4/lib/libcrypto.a[853](libdefault-lib-securitycheck.o)) was built for newer 'macOS' version (15.0) than being linked (14.0)
ld: warning: object file (/opt/homebrew/Cellar/openssl@3/3.6.4/lib/libcrypto.a[854](libdefault-lib-securitycheck_default.o)) was built for newer 'macOS' version (15.0) than being linked (14.0)
ld: warning: object file (/opt/homebrew/Cellar/openssl@3/3.6.4/lib/libcrypto.a[855](libdefault-lib-rsa_enc.o)) was built for newer 'macOS' version (15.0) than being linked (14.0)
ld: warning: object file (/opt/homebrew/Cellar/openssl@3/3.6.4/lib/libcrypto.a[856](libdefault-lib-sm2_enc.o)) was built for newer 'macOS' version (15.0) than being linked (14.0)
ld: warning: object file (/opt/homebrew/Cellar/openssl@3/3.6.4/lib/libcrypto.a[857](libdefault-lib-cipher_aes.o)) was built for newer 'macOS' version (15.0) than being linked (14.0)
ld: warning: object file (/opt/homebrew/Cellar/openssl@3/3.6.4/lib/libcrypto.a[858](libdefault-lib-cipher_aes_cbc_hmac_sha.o)) was built for newer 'macOS' version (15.0) than being linked (14.0)
ld: warning: object file (/opt/homebrew/Cellar/openssl@3/3.6.4/lib/libcrypto.a[859](libdefault-lib-cipher_aes_cbc_hmac_sha1_etm_hw.o)) was built for newer 'macOS' version (15.0) than being linked (14.0)
ld: warning: object file (/opt/homebrew/Cellar/openssl@3/3.6.4/lib/libcrypto.a[860](libdefault-lib-cipher_aes_cbc_hmac_sha1_hw.o)) was built for newer 'macOS' version (15.0) than being linked (14.0)
ld: warning: object file (/opt/homebrew/Cellar/openssl@3/3.6.4/lib/libcrypto.a[861](libdefault-lib-cipher_aes_cbc_hmac_sha256_etm_hw.o)) was built for newer 'macOS' version (15.0) than being linked (14.0)
ld: warning: object file (/opt/homebrew/Cellar/openssl@3/3.6.4/lib/libcrypto.a[862](libdefault-lib-cipher_aes_cbc_hmac_sha256_hw.o)) was built for newer 'macOS' version (15.0) than being linked (14.0)
ld: warning: object file (/opt/homebrew/Cellar/openssl@3/3.6.4/lib/libcrypto.a[863](libdefault-lib-cipher_aes_cbc_hmac_sha512_etm_hw.o)) was built for newer 'macOS' version (15.0) than being linked (14.0)
ld: warning: object file (/opt/homebrew/Cellar/openssl@3/3.6.4/lib/libcrypto.a[864](libdefault-lib-cipher_aes_cbc_hmac_sha_etm.o)) was built for newer 'macOS' version (15.0) than being linked (14.0)
ld: warning: object file (/opt/homebrew/Cellar/openssl@3/3.6.4/lib/libcrypto.a[865](libdefault-lib-cipher_aes_ccm.o)) was built for newer 'macOS' version (15.0) than being linked (14.0)
ld: warning: object file (/opt/homebrew/Cellar/openssl@3/3.6.4/lib/libcrypto.a[866](libdefault-lib-cipher_aes_ccm_hw.o)) was built for newer 'macOS' version (15.0) than being linked (14.0)
ld: warning: object file (/opt/homebrew/Cellar/openssl@3/3.6.4/lib/libcrypto.a[867](libdefault-lib-cipher_aes_cfb_hw.o)) was built for newer 'macOS' version (15.0) than being linked (14.0)
ld: warning: object file (/opt/homebrew/Cellar/openssl@3/3.6.4/lib/libcrypto.a[868](libdefault-lib-cipher_aes_gcm.o)) was built for newer 'macOS' version (15.0) than being linked (14.0)
ld: warning: object file (/opt/homebrew/Cellar/openssl@3/3.6.4/lib/libcrypto.a[869](libdefault-lib-cipher_aes_gcm_hw.o)) was built for newer 'macOS' version (15.0) than being linked (14.0)
ld: warning: object file (/opt/homebrew/Cellar/openssl@3/3.6.4/lib/libcrypto.a[870](libdefault-lib-cipher_aes_gcm_siv.o)) was built for newer 'macOS' version (15.0) than being linked (14.0)
ld: warning: object file (/opt/homebrew/Cellar/openssl@3/3.6.4/lib/libcrypto.a[871](libdefault-lib-cipher_aes_gcm_siv_hw.o)) was built for newer 'macOS' version (15.0) than being linked (14.0)
ld: warning: object file (/opt/homebrew/Cellar/openssl@3/3.6.4/lib/libcrypto.a[872](libdefault-lib-cipher_aes_gcm_siv_polyval.o)) was built for newer 'macOS' version (15.0) than being linked (14.0)
ld: warning: object file (/opt/homebrew/Cellar/openssl@3/3.6.4/lib/libcrypto.a[873](libdefault-lib-cipher_aes_hw.o)) was built for newer 'macOS' version (15.0) than being linked (14.0)
ld: warning: object file (/opt/homebrew/Cellar/openssl@3/3.6.4/lib/libcrypto.a[874](libdefault-lib-cipher_aes_ocb.o)) was built for newer 'macOS' version (15.0) than being linked (14.0)
ld: warning: object file (/opt/homebrew/Cellar/openssl@3/3.6.4/lib/libcrypto.a[875](libdefault-lib-cipher_aes_ocb_hw.o)) was built for newer 'macOS' version (15.0) than being linked (14.0)
ld: warning: object file (/opt/homebrew/Cellar/openssl@3/3.6.4/lib/libcrypto.a[876](libdefault-lib-cipher_aes_siv.o)) was built for newer 'macOS' version (15.0) than being linked (14.0)
ld: warning: object file (/opt/homebrew/Cellar/openssl@3/3.6.4/lib/libcrypto.a[877](libdefault-lib-cipher_aes_siv_hw.o)) was built for newer 'macOS' version (15.0) than being linked (14.0)
ld: warning: object file (/opt/homebrew/Cellar/openssl@3/3.6.4/lib/libcrypto.a[878](libdefault-lib-cipher_aes_wrp.o)) was built for newer 'macOS' version (15.0) than being linked (14.0)
ld: warning: object file (/opt/homebrew/Cellar/openssl@3/3.6.4/lib/libcrypto.a[879](libdefault-lib-cipher_aes_xts.o)) was built for newer 'macOS' version (15.0) than being linked (14.0)
ld: warning: object file (/opt/homebrew/Cellar/openssl@3/3.6.4/lib/libcrypto.a[880](libdefault-lib-cipher_aes_xts_fips.o)) was built for newer 'macOS' version (15.0) than being linked (14.0)
ld: warning: object file (/opt/homebrew/Cellar/openssl@3/3.6.4/lib/libcrypto.a[881](libdefault-lib-cipher_aes_xts_hw.o)) was built for newer 'macOS' version (15.0) than being linked (14.0)
ld: warning: object file (/opt/homebrew/Cellar/openssl@3/3.6.4/lib/libcrypto.a[882](libdefault-lib-cipher_aria.o)) was built for newer 'macOS' version (15.0) than being linked (14.0)
ld: warning: object file (/opt/homebrew/Cellar/openssl@3/3.6.4/lib/libcrypto.a[883](libdefault-lib-cipher_aria_ccm.o)) was built for newer 'macOS' version (15.0) than being linked (14.0)
ld: warning: object file (/opt/homebrew/Cellar/openssl@3/3.6.4/lib/libcrypto.a[884](libdefault-lib-cipher_aria_ccm_hw.o)) was built for newer 'macOS' version (15.0) than being linked (14.0)
ld: warning: object file (/opt/homebrew/Cellar/openssl@3/3.6.4/lib/libcrypto.a[885](libdefault-lib-cipher_aria_gcm.o)) was built for newer 'macOS' version (15.0) than being linked (14.0)
ld: warning: object file (/opt/homebrew/Cellar/openssl@3/3.6.4/lib/libcrypto.a[886](libdefault-lib-cipher_aria_gcm_hw.o)) was built for newer 'macOS' version (15.0) than being linked (14.0)
ld: warning: object file (/opt/homebrew/Cellar/openssl@3/3.6.4/lib/libcrypto.a[887](libdefault-lib-cipher_aria_hw.o)) was built for newer 'macOS' version (15.0) than being linked (14.0)
ld: warning: object file (/opt/homebrew/Cellar/openssl@3/3.6.4/lib/libcrypto.a[888](libdefault-lib-cipher_camellia.o)) was built for newer 'macOS' version (15.0) than being linked (14.0)
ld: warning: object file (/opt/homebrew/Cellar/openssl@3/3.6.4/lib/libcrypto.a[889](libdefault-lib-cipher_camellia_hw.o)) was built for newer 'macOS' version (15.0) than being linked (14.0)
ld: warning: object file (/opt/homebrew/Cellar/openssl@3/3.6.4/lib/libcrypto.a[890](libdefault-lib-cipher_chacha20.o)) was built for newer 'macOS' version (15.0) than being linked (14.0)
ld: warning: object file (/opt/homebrew/Cellar/openssl@3/3.6.4/lib/libcrypto.a[891](libdefault-lib-cipher_chacha20_hw.o)) was built for newer 'macOS' version (15.0) than being linked (14.0)
ld: warning: object file (/opt/homebrew/Cellar/openssl@3/3.6.4/lib/libcrypto.a[892](libdefault-lib-cipher_chacha20_poly1305.o)) was built for newer 'macOS' version (15.0) than being linked (14.0)
ld: warning: object file (/opt/homebrew/Cellar/openssl@3/3.6.4/lib/libcrypto.a[893](libdefault-lib-cipher_chacha20_poly1305_hw.o)) was built for newer 'macOS' version (15.0) than being linked (14.0)
ld: warning: object file (/opt/homebrew/Cellar/openssl@3/3.6.4/lib/libcrypto.a[894](libdefault-lib-cipher_cts.o)) was built for newer 'macOS' version (15.0) than being linked (14.0)
ld: warning: object file (/opt/homebrew/Cellar/openssl@3/3.6.4/lib/libcrypto.a[895](libdefault-lib-cipher_null.o)) was built for newer 'macOS' version (15.0) than being linked (14.0)
ld: warning: object file (/opt/homebrew/Cellar/openssl@3/3.6.4/lib/libcrypto.a[896](libdefault-lib-cipher_sm4.o)) was built for newer 'macOS' version (15.0) than being linked (14.0)
ld: warning: object file (/opt/homebrew/Cellar/openssl@3/3.6.4/lib/libcrypto.a[897](libdefault-lib-cipher_sm4_ccm.o)) was built for newer 'macOS' version (15.0) than being linked (14.0)
ld: warning: object file (/opt/homebrew/Cellar/openssl@3/3.6.4/lib/libcrypto.a[898](libdefault-lib-cipher_sm4_ccm_hw.o)) was built for newer 'macOS' version (15.0) than being linked (14.0)
ld: warning: object file (/opt/homebrew/Cellar/openssl@3/3.6.4/lib/libcrypto.a[899](libdefault-lib-cipher_sm4_gcm.o)) was built for newer 'macOS' version (15.0) than being linked (14.0)
ld: warning: object file (/opt/homebrew/Cellar/openssl@3/3.6.4/lib/libcrypto.a[900](libdefault-lib-cipher_sm4_gcm_hw.o)) was built for newer 'macOS' version (15.0) than being linked (14.0)
ld: warning: object file (/opt/homebrew/Cellar/openssl@3/3.6.4/lib/libcrypto.a[901](libdefault-lib-cipher_sm4_hw.o)) was built for newer 'macOS' version (15.0) than being linked (14.0)
ld: warning: object file (/opt/homebrew/Cellar/openssl@3/3.6.4/lib/libcrypto.a[902](libdefault-lib-cipher_sm4_xts.o)) was built for newer 'macOS' version (15.0) than being linked (14.0)
ld: warning: object file (/opt/homebrew/Cellar/openssl@3/3.6.4/lib/libcrypto.a[903](libdefault-lib-cipher_sm4_xts_hw.o)) was built for newer 'macOS' version (15.0) than being linked (14.0)
ld: warning: object file (/opt/homebrew/Cellar/openssl@3/3.6.4/lib/libcrypto.a[904](libdefault-lib-cipher_tdes.o)) was built for newer 'macOS' version (15.0) than being linked (14.0)
ld: warning: object file (/opt/homebrew/Cellar/openssl@3/3.6.4/lib/libcrypto.a[905](libdefault-lib-cipher_tdes_common.o)) was built for newer 'macOS' version (15.0) than being linked (14.0)
ld: warning: object file (/opt/homebrew/Cellar/openssl@3/3.6.4/lib/libcrypto.a[906](libdefault-lib-cipher_tdes_default.o)) was built for newer 'macOS' version (15.0) than being linked (14.0)
ld: warning: object file (/opt/homebrew/Cellar/openssl@3/3.6.4/lib/libcrypto.a[907](libdefault-lib-cipher_tdes_default_hw.o)) was built for newer 'macOS' version (15.0) than being linked (14.0)
ld: warning: object file (/opt/homebrew/Cellar/openssl@3/3.6.4/lib/libcrypto.a[908](libdefault-lib-cipher_tdes_hw.o)) was built for newer 'macOS' version (15.0) than being linked (14.0)
ld: warning: object file (/opt/homebrew/Cellar/openssl@3/3.6.4/lib/libcrypto.a[909](libdefault-lib-cipher_tdes_wrap.o)) was built for newer 'macOS' version (15.0) than being linked (14.0)
ld: warning: object file (/opt/homebrew/Cellar/openssl@3/3.6.4/lib/libcrypto.a[910](libdefault-lib-cipher_tdes_wrap_hw.o)) was built for newer 'macOS' version (15.0) than being linked (14.0)
ld: warning: object file (/opt/homebrew/Cellar/openssl@3/3.6.4/lib/libcrypto.a[911](libdefault-lib-blake2_prov.o)) was built for newer 'macOS' version (15.0) than being linked (14.0)
ld: warning: object file (/opt/homebrew/Cellar/openssl@3/3.6.4/lib/libcrypto.a[912](libdefault-lib-blake2b_prov.o)) was built for newer 'macOS' version (15.0) than being linked (14.0)
ld: warning: object file (/opt/homebrew/Cellar/openssl@3/3.6.4/lib/libcrypto.a[913](libdefault-lib-blake2s_prov.o)) was built for newer 'macOS' version (15.0) than being linked (14.0)
ld: warning: object file (/opt/homebrew/Cellar/openssl@3/3.6.4/lib/libcrypto.a[914](libdefault-lib-md5_prov.o)) was built for newer 'macOS' version (15.0) than being linked (14.0)
ld: warning: object file (/opt/homebrew/Cellar/openssl@3/3.6.4/lib/libcrypto.a[915](libdefault-lib-md5_sha1_prov.o)) was built for newer 'macOS' version (15.0) than being linked (14.0)
ld: warning: object file (/opt/homebrew/Cellar/openssl@3/3.6.4/lib/libcrypto.a[916](libdefault-lib-null_prov.o)) was built for newer 'macOS' version (15.0) than being linked (14.0)
ld: warning: object file (/opt/homebrew/Cellar/openssl@3/3.6.4/lib/libcrypto.a[917](libdefault-lib-ripemd_prov.o)) was built for newer 'macOS' version (15.0) than being linked (14.0)
ld: warning: object file (/opt/homebrew/Cellar/openssl@3/3.6.4/lib/libcrypto.a[918](libdefault-lib-sha2_prov.o)) was built for newer 'macOS' version (15.0) than being linked (14.0)
ld: warning: object file (/opt/homebrew/Cellar/openssl@3/3.6.4/lib/libcrypto.a[919](libdefault-lib-sha3_prov.o)) was built for newer 'macOS' version (15.0) than being linked (14.0)
ld: warning: object file (/opt/homebrew/Cellar/openssl@3/3.6.4/lib/libcrypto.a[920](libdefault-lib-sm3_prov.o)) was built for newer 'macOS' version (15.0) than being linked (14.0)
ld: warning: object file (/opt/homebrew/Cellar/openssl@3/3.6.4/lib/libcrypto.a[921](libdefault-lib-decode_der2key.o)) was built for newer 'macOS' version (15.0) than being linked (14.0)
ld: warning: object file (/opt/homebrew/Cellar/openssl@3/3.6.4/lib/libcrypto.a[922](libdefault-lib-decode_epki2pki.o)) was built for newer 'macOS' version (15.0) than being linked (14.0)
ld: warning: object file (/opt/homebrew/Cellar/openssl@3/3.6.4/lib/libcrypto.a[923](libdefault-lib-decode_msblob2key.o)) was built for newer 'macOS' version (15.0) than being linked (14.0)
ld: warning: object file (/opt/homebrew/Cellar/openssl@3/3.6.4/lib/libcrypto.a[924](libdefault-lib-decode_pem2der.o)) was built for newer 'macOS' version (15.0) than being linked (14.0)
ld: warning: object file (/opt/homebrew/Cellar/openssl@3/3.6.4/lib/libcrypto.a[925](libdefault-lib-decode_pvk2key.o)) was built for newer 'macOS' version (15.0) than being linked (14.0)
ld: warning: object file (/opt/homebrew/Cellar/openssl@3/3.6.4/lib/libcrypto.a[926](libdefault-lib-decode_spki2typespki.o)) was built for newer 'macOS' version (15.0) than being linked (14.0)
ld: warning: object file (/opt/homebrew/Cellar/openssl@3/3.6.4/lib/libcrypto.a[927](libdefault-lib-encode_key2any.o)) was built for newer 'macOS' version (15.0) than being linked (14.0)
ld: warning: object file (/opt/homebrew/Cellar/openssl@3/3.6.4/lib/libcrypto.a[928](libdefault-lib-encode_key2blob.o)) was built for newer 'macOS' version (15.0) than being linked (14.0)
ld: warning: object file (/opt/homebrew/Cellar/openssl@3/3.6.4/lib/libcrypto.a[929](libdefault-lib-encode_key2ms.o)) was built for newer 'macOS' version (15.0) than being linked (14.0)
ld: warning: object file (/opt/homebrew/Cellar/openssl@3/3.6.4/lib/libcrypto.a[930](libdefault-lib-encode_key2text.o)) was built for newer 'macOS' version (15.0) than being linked (14.0)
ld: warning: object file (/opt/homebrew/Cellar/openssl@3/3.6.4/lib/libcrypto.a[931](libdefault-lib-endecoder_common.o)) was built for newer 'macOS' version (15.0) than being linked (14.0)
ld: warning: object file (/opt/homebrew/Cellar/openssl@3/3.6.4/lib/libcrypto.a[932](libdefault-lib-ml_common_codecs.o)) was built for newer 'macOS' version (15.0) than being linked (14.0)
ld: warning: object file (/opt/homebrew/Cellar/openssl@3/3.6.4/lib/libcrypto.a[933](libdefault-lib-ml_dsa_codecs.o)) was built for newer 'macOS' version (15.0) than being linked (14.0)
ld: warning: object file (/opt/homebrew/Cellar/openssl@3/3.6.4/lib/libcrypto.a[934](libdefault-lib-ml_kem_codecs.o)) was built for newer 'macOS' version (15.0) than being linked (14.0)
ld: warning: object file (/opt/homebrew/Cellar/openssl@3/3.6.4/lib/libcrypto.a[935](libdefault-lib-dh_exch.o)) was built for newer 'macOS' version (15.0) than being linked (14.0)
ld: warning: object file (/opt/homebrew/Cellar/openssl@3/3.6.4/lib/libcrypto.a[936](libdefault-lib-ecdh_exch.o)) was built for newer 'macOS' version (15.0) than being linked (14.0)
ld: warning: object file (/opt/homebrew/Cellar/openssl@3/3.6.4/lib/libcrypto.a[937](libdefault-lib-ecx_exch.o)) was built for newer 'macOS' version (15.0) than being linked (14.0)
ld: warning: object file (/opt/homebrew/Cellar/openssl@3/3.6.4/lib/libcrypto.a[938](libdefault-lib-kdf_exch.o)) was built for newer 'macOS' version (15.0) than being linked (14.0)
ld: warning: object file (/opt/homebrew/Cellar/openssl@3/3.6.4/lib/libcrypto.a[939](libdefault-lib-argon2.o)) was built for newer 'macOS' version (15.0) than being linked (14.0)
ld: warning: object file (/opt/homebrew/Cellar/openssl@3/3.6.4/lib/libcrypto.a[940](libdefault-lib-hkdf.o)) was built for newer 'macOS' version (15.0) than being linked (14.0)
ld: warning: object file (/opt/homebrew/Cellar/openssl@3/3.6.4/lib/libcrypto.a[941](libdefault-lib-hmacdrbg_kdf.o)) was built for newer 'macOS' version (15.0) than being linked (14.0)
ld: warning: object file (/opt/homebrew/Cellar/openssl@3/3.6.4/lib/libcrypto.a[942](libdefault-lib-kbkdf.o)) was built for newer 'macOS' version (15.0) than being linked (14.0)
ld: warning: object file (/opt/homebrew/Cellar/openssl@3/3.6.4/lib/libcrypto.a[943](libdefault-lib-krb5kdf.o)) was built for newer 'macOS' version (15.0) than being linked (14.0)
ld: warning: object file (/opt/homebrew/Cellar/openssl@3/3.6.4/lib/libcrypto.a[944](libdefault-lib-pbkdf2.o)) was built for newer 'macOS' version (15.0) than being linked (14.0)
ld: warning: object file (/opt/homebrew/Cellar/openssl@3/3.6.4/lib/libcrypto.a[945](libdefault-lib-pkcs12kdf.o)) was built for newer 'macOS' version (15.0) than being linked (14.0)
ld: warning: object file (/opt/homebrew/Cellar/openssl@3/3.6.4/lib/libcrypto.a[946](libdefault-lib-scrypt.o)) was built for newer 'macOS' version (15.0) than being linked (14.0)
ld: warning: object file (/opt/homebrew/Cellar/openssl@3/3.6.4/lib/libcrypto.a[947](libdefault-lib-sshkdf.o)) was built for newer 'macOS' version (15.0) than being linked (14.0)
ld: warning: object file (/opt/homebrew/Cellar/openssl@3/3.6.4/lib/libcrypto.a[948](libdefault-lib-sskdf.o)) was built for newer 'macOS' version (15.0) than being linked (14.0)
ld: warning: object file (/opt/homebrew/Cellar/openssl@3/3.6.4/lib/libcrypto.a[949](libdefault-lib-tls1_prf.o)) was built for newer 'macOS' version (15.0) than being linked (14.0)
ld: warning: object file (/opt/homebrew/Cellar/openssl@3/3.6.4/lib/libcrypto.a[950](libdefault-lib-x942kdf.o)) was built for newer 'macOS' version (15.0) than being linked (14.0)
ld: warning: object file (/opt/homebrew/Cellar/openssl@3/3.6.4/lib/libcrypto.a[951](libdefault-lib-ec_kem.o)) was built for newer 'macOS' version (15.0) than being linked (14.0)
ld: warning: object file (/opt/homebrew/Cellar/openssl@3/3.6.4/lib/libcrypto.a[952](libdefault-lib-ecx_kem.o)) was built for newer 'macOS' version (15.0) than being linked (14.0)
ld: warning: object file (/opt/homebrew/Cellar/openssl@3/3.6.4/lib/libcrypto.a[953](libdefault-lib-kem_util.o)) was built for newer 'macOS' version (15.0) than being linked (14.0)
ld: warning: object file (/opt/homebrew/Cellar/openssl@3/3.6.4/lib/libcrypto.a[954](libdefault-lib-ml_kem_kem.o)) was built for newer 'macOS' version (15.0) than being linked (14.0)
ld: warning: object file (/opt/homebrew/Cellar/openssl@3/3.6.4/lib/libcrypto.a[955](libdefault-lib-mlx_kem.o)) was built for newer 'macOS' version (15.0) than being linked (14.0)
ld: warning: object file (/opt/homebrew/Cellar/openssl@3/3.6.4/lib/libcrypto.a[956](libdefault-lib-rsa_kem.o)) was built for newer 'macOS' version (15.0) than being linked (14.0)
ld: warning: object file (/opt/homebrew/Cellar/openssl@3/3.6.4/lib/libcrypto.a[957](libdefault-lib-dh_kmgmt.o)) was built for newer 'macOS' version (15.0) than being linked (14.0)
ld: warning: object file (/opt/homebrew/Cellar/openssl@3/3.6.4/lib/libcrypto.a[958](libdefault-lib-dsa_kmgmt.o)) was built for newer 'macOS' version (15.0) than being linked (14.0)
ld: warning: object file (/opt/homebrew/Cellar/openssl@3/3.6.4/lib/libcrypto.a[959](libdefault-lib-ec_kmgmt.o)) was built for newer 'macOS' version (15.0) than being linked (14.0)
ld: warning: object file (/opt/homebrew/Cellar/openssl@3/3.6.4/lib/libcrypto.a[960](libdefault-lib-ecx_kmgmt.o)) was built for newer 'macOS' version (15.0) than being linked (14.0)
ld: warning: object file (/opt/homebrew/Cellar/openssl@3/3.6.4/lib/libcrypto.a[961](libdefault-lib-kdf_legacy_kmgmt.o)) was built for newer 'macOS' version (15.0) than being linked (14.0)
ld: warning: object file (/opt/homebrew/Cellar/openssl@3/3.6.4/lib/libcrypto.a[962](libdefault-lib-mac_legacy_kmgmt.o)) was built for newer 'macOS' version (15.0) than being linked (14.0)
ld: warning: object file (/opt/homebrew/Cellar/openssl@3/3.6.4/lib/libcrypto.a[963](libdefault-lib-ml_dsa_kmgmt.o)) was built for newer 'macOS' version (15.0) than being linked (14.0)
ld: warning: object file (/opt/homebrew/Cellar/openssl@3/3.6.4/lib/libcrypto.a[964](libdefault-lib-ml_kem_kmgmt.o)) was built for newer 'macOS' version (15.0) than being linked (14.0)
ld: warning: object file (/opt/homebrew/Cellar/openssl@3/3.6.4/lib/libcrypto.a[965](libdefault-lib-mlx_kmgmt.o)) was built for newer 'macOS' version (15.0) than being linked (14.0)
ld: warning: object file (/opt/homebrew/Cellar/openssl@3/3.6.4/lib/libcrypto.a[966](libdefault-lib-rsa_kmgmt.o)) was built for newer 'macOS' version (15.0) than being linked (14.0)
ld: warning: object file (/opt/homebrew/Cellar/openssl@3/3.6.4/lib/libcrypto.a[967](libdefault-lib-slh_dsa_kmgmt.o)) was built for newer 'macOS' version (15.0) than being linked (14.0)
ld: warning: object file (/opt/homebrew/Cellar/openssl@3/3.6.4/lib/libcrypto.a[968](libdefault-lib-blake2b_mac.o)) was built for newer 'macOS' version (15.0) than being linked (14.0)
ld: warning: object file (/opt/homebrew/Cellar/openssl@3/3.6.4/lib/libcrypto.a[969](libdefault-lib-blake2s_mac.o)) was built for newer 'macOS' version (15.0) than being linked (14.0)
ld: warning: object file (/opt/homebrew/Cellar/openssl@3/3.6.4/lib/libcrypto.a[970](libdefault-lib-cmac_prov.o)) was built for newer 'macOS' version (15.0) than being linked (14.0)
ld: warning: object file (/opt/homebrew/Cellar/openssl@3/3.6.4/lib/libcrypto.a[971](libdefault-lib-gmac_prov.o)) was built for newer 'macOS' version (15.0) than being linked (14.0)
ld: warning: object file (/opt/homebrew/Cellar/openssl@3/3.6.4/lib/libcrypto.a[972](libdefault-lib-hmac_prov.o)) was built for newer 'macOS' version (15.0) than being linked (14.0)
ld: warning: object file (/opt/homebrew/Cellar/openssl@3/3.6.4/lib/libcrypto.a[973](libdefault-lib-kmac_prov.o)) was built for newer 'macOS' version (15.0) than being linked (14.0)
ld: warning: object file (/opt/homebrew/Cellar/openssl@3/3.6.4/lib/libcrypto.a[974](libdefault-lib-poly1305_prov.o)) was built for newer 'macOS' version (15.0) than being linked (14.0)
ld: warning: object file (/opt/homebrew/Cellar/openssl@3/3.6.4/lib/libcrypto.a[975](libdefault-lib-siphash_prov.o)) was built for newer 'macOS' version (15.0) than being linked (14.0)
ld: warning: object file (/opt/homebrew/Cellar/openssl@3/3.6.4/lib/libcrypto.a[976](libdefault-lib-drbg.o)) was built for newer 'macOS' version (15.0) than being linked (14.0)
ld: warning: object file (/opt/homebrew/Cellar/openssl@3/3.6.4/lib/libcrypto.a[977](libdefault-lib-drbg_ctr.o)) was built for newer 'macOS' version (15.0) than being linked (14.0)
ld: warning: object file (/opt/homebrew/Cellar/openssl@3/3.6.4/lib/libcrypto.a[978](libdefault-lib-drbg_hash.o)) was built for newer 'macOS' version (15.0) than being linked (14.0)
ld: warning: object file (/opt/homebrew/Cellar/openssl@3/3.6.4/lib/libcrypto.a[979](libdefault-lib-drbg_hmac.o)) was built for newer 'macOS' version (15.0) than being linked (14.0)
ld: warning: object file (/opt/homebrew/Cellar/openssl@3/3.6.4/lib/libcrypto.a[980](libdefault-lib-seed_src.o)) was built for newer 'macOS' version (15.0) than being linked (14.0)
ld: warning: object file (/opt/homebrew/Cellar/openssl@3/3.6.4/lib/libcrypto.a[982](libdefault-lib-test_rng.o)) was built for newer 'macOS' version (15.0) than being linked (14.0)
ld: warning: object file (/opt/homebrew/Cellar/openssl@3/3.6.4/lib/libcrypto.a[985](libdefault-lib-rand_unix.o)) was built for newer 'macOS' version (15.0) than being linked (14.0)
ld: warning: object file (/opt/homebrew/Cellar/openssl@3/3.6.4/lib/libcrypto.a[987](libdefault-lib-dsa_sig.o)) was built for newer 'macOS' version (15.0) than being linked (14.0)
[ 48%] Building CXX object src/lib/platform/CMakeFiles/platform.dir/OSXKeyState.cpp.o
ld: warning: object file (/opt/homebrew/Cellar/openssl@3/3.6.4/lib/libcrypto.a[988](libdefault-lib-ecdsa_sig.o)) was built for newer 'macOS' version (15.0) than being linked (14.0)
ld: warning: object file (/opt/homebrew/Cellar/openssl@3/3.6.4/lib/libcrypto.a[989](libdefault-lib-eddsa_sig.o)) was built for newer 'macOS' version (15.0) than being linked (14.0)
ld: warning: object file (/opt/homebrew/Cellar/openssl@3/3.6.4/lib/libcrypto.a[990](libdefault-lib-mac_legacy_sig.o)) was built for newer 'macOS' version (15.0) than being linked (14.0)
ld: warning: object file (/opt/homebrew/Cellar/openssl@3/3.6.4/lib/libcrypto.a[991](libdefault-lib-ml_dsa_sig.o)) was built for newer 'macOS' version (15.0) than being linked (14.0)
ld: warning: object file (/opt/homebrew/Cellar/openssl@3/3.6.4/lib/libcrypto.a[992](libdefault-lib-rsa_sig.o)) was built for newer 'macOS' version (15.0) than being linked (14.0)
ld: warning: object file (/opt/homebrew/Cellar/openssl@3/3.6.4/lib/libcrypto.a[993](libdefault-lib-slh_dsa_sig.o)) was built for newer 'macOS' version (15.0) than being linked (14.0)
ld: warning: object file (/opt/homebrew/Cellar/openssl@3/3.6.4/lib/libcrypto.a[994](libdefault-lib-sm2_sig.o)) was built for newer 'macOS' version (15.0) than being linked (14.0)
ld: warning: object file (/opt/homebrew/Cellar/openssl@3/3.6.4/lib/libcrypto.a[995](libdefault-lib-aes_skmgmt.o)) was built for newer 'macOS' version (15.0) than being linked (14.0)
ld: warning: object file (/opt/homebrew/Cellar/openssl@3/3.6.4/lib/libcrypto.a[996](libdefault-lib-generic.o)) was built for newer 'macOS' version (15.0) than being linked (14.0)
ld: warning: object file (/opt/homebrew/Cellar/openssl@3/3.6.4/lib/libcrypto.a[997](libdefault-lib-file_store.o)) was built for newer 'macOS' version (15.0) than being linked (14.0)
ld: warning: object file (/opt/homebrew/Cellar/openssl@3/3.6.4/lib/libcrypto.a[998](libdefault-lib-file_store_any2obj.o)) was built for newer 'macOS' version (15.0) than being linked (14.0)
ld: warning: object file (/opt/homebrew/Cellar/openssl@3/3.6.4/lib/libcrypto.a[999](libdefault-lib-ssl3_cbc.o)) was built for newer 'macOS' version (15.0) than being linked (14.0)
ld: warning: object file (/opt/homebrew/Cellar/openssl@3/3.6.4/lib/libcrypto.a[1001](libcommon-lib-der_dsa_gen.o)) was built for newer 'macOS' version (15.0) than being linked (14.0)
ld: warning: object file (/opt/homebrew/Cellar/openssl@3/3.6.4/lib/libcrypto.a[1003](libcommon-lib-der_dsa_sig.o)) was built for newer 'macOS' version (15.0) than being linked (14.0)
ld: warning: object file (/opt/homebrew/Cellar/openssl@3/3.6.4/lib/libcrypto.a[1004](libcommon-lib-der_ec_gen.o)) was built for newer 'macOS' version (15.0) than being linked (14.0)
ld: warning: object file (/opt/homebrew/Cellar/openssl@3/3.6.4/lib/libcrypto.a[1006](libcommon-lib-der_ec_sig.o)) was built for newer 'macOS' version (15.0) than being linked (14.0)
ld: warning: object file (/opt/homebrew/Cellar/openssl@3/3.6.4/lib/libcrypto.a[1007](libcommon-lib-der_ecx_gen.o)) was built for newer 'macOS' version (15.0) than being linked (14.0)
ld: warning: object file (/opt/homebrew/Cellar/openssl@3/3.6.4/lib/libcrypto.a[1008](libcommon-lib-der_ecx_key.o)) was built for newer 'macOS' version (15.0) than being linked (14.0)
ld: warning: object file (/opt/homebrew/Cellar/openssl@3/3.6.4/lib/libcrypto.a[1009](libcommon-lib-der_hkdf_gen.o)) was built for newer 'macOS' version (15.0) than being linked (14.0)
ld: warning: object file (/opt/homebrew/Cellar/openssl@3/3.6.4/lib/libcrypto.a[1010](libcommon-lib-der_ml_dsa_gen.o)) was built for newer 'macOS' version (15.0) than being linked (14.0)
ld: warning: object file (/opt/homebrew/Cellar/openssl@3/3.6.4/lib/libcrypto.a[1011](libcommon-lib-der_ml_dsa_key.o)) was built for newer 'macOS' version (15.0) than being linked (14.0)
ld: warning: object file (/opt/homebrew/Cellar/openssl@3/3.6.4/lib/libcrypto.a[1012](libcommon-lib-der_rsa_gen.o)) was built for newer 'macOS' version (15.0) than being linked (14.0)
ld: warning: object file (/opt/homebrew/Cellar/openssl@3/3.6.4/lib/libcrypto.a[1013](libcommon-lib-der_rsa_key.o)) was built for newer 'macOS' version (15.0) than being linked (14.0)
ld: warning: object file (/opt/homebrew/Cellar/openssl@3/3.6.4/lib/libcrypto.a[1014](libcommon-lib-der_slh_dsa_gen.o)) was built for newer 'macOS' version (15.0) than being linked (14.0)
ld: warning: object file (/opt/homebrew/Cellar/openssl@3/3.6.4/lib/libcrypto.a[1015](libcommon-lib-der_slh_dsa_key.o)) was built for newer 'macOS' version (15.0) than being linked (14.0)
ld: warning: object file (/opt/homebrew/Cellar/openssl@3/3.6.4/lib/libcrypto.a[1016](libcommon-lib-der_wrap_gen.o)) was built for newer 'macOS' version (15.0) than being linked (14.0)
ld: warning: object file (/opt/homebrew/Cellar/openssl@3/3.6.4/lib/libcrypto.a[1017](libcommon-lib-provider_ctx.o)) was built for newer 'macOS' version (15.0) than being linked (14.0)
ld: warning: object file (/opt/homebrew/Cellar/openssl@3/3.6.4/lib/libcrypto.a[1018](libcommon-lib-provider_err.o)) was built for newer 'macOS' version (15.0) than being linked (14.0)
ld: warning: object file (/opt/homebrew/Cellar/openssl@3/3.6.4/lib/libcrypto.a[1019](libcommon-lib-ciphercommon.o)) was built for newer 'macOS' version (15.0) than being linked (14.0)
ld: warning: object file (/opt/homebrew/Cellar/openssl@3/3.6.4/lib/libcrypto.a[1020](libcommon-lib-ciphercommon_block.o)) was built for newer 'macOS' version (15.0) than being linked (14.0)
ld: warning: object file (/opt/homebrew/Cellar/openssl@3/3.6.4/lib/libcrypto.a[1021](libcommon-lib-ciphercommon_ccm.o)) was built for newer 'macOS' version (15.0) than being linked (14.0)
ld: warning: object file (/opt/homebrew/Cellar/openssl@3/3.6.4/lib/libcrypto.a[1022](libcommon-lib-ciphercommon_ccm_hw.o)) was built for newer 'macOS' version (15.0) than being linked (14.0)
ld: warning: object file (/opt/homebrew/Cellar/openssl@3/3.6.4/lib/libcrypto.a[1023](libcommon-lib-ciphercommon_gcm.o)) was built for newer 'macOS' version (15.0) than being linked (14.0)
ld: warning: object file (/opt/homebrew/Cellar/openssl@3/3.6.4/lib/libcrypto.a[1024](libcommon-lib-ciphercommon_gcm_hw.o)) was built for newer 'macOS' version (15.0) than being linked (14.0)
ld: warning: object file (/opt/homebrew/Cellar/openssl@3/3.6.4/lib/libcrypto.a[1025](libcommon-lib-ciphercommon_hw.o)) was built for newer 'macOS' version (15.0) than being linked (14.0)
ld: warning: object file (/opt/homebrew/Cellar/openssl@3/3.6.4/lib/libcrypto.a[1026](libcommon-lib-digestcommon.o)) was built for newer 'macOS' version (15.0) than being linked (14.0)
ld: warning: object file (/opt/homebrew/Cellar/openssl@3/3.6.4/lib/libcrypto.a[1027](libcommon-lib-tls_pad.o)) was built for newer 'macOS' version (15.0) than being linked (14.0)
[ 48%] Built target SecureUtilsTests
[ 49%] Building CXX object src/lib/platform/CMakeFiles/platform.dir/OSXLocalModifiers.cpp.o
[ 49%] Building C object src/lib/platform/CMakeFiles/platform.dir/OSXMediaKeySupport.m.o
[ 49%] Building C object src/lib/platform/CMakeFiles/platform.dir/OSXPasteboardPeeker.m.o
[ 49%] Building CXX object src/lib/platform/CMakeFiles/platform.dir/OSXPowerManager.cpp.o
/Users/runner/work/deskflow/deskflow/src/lib/platform/OSXLocalModifiers.cpp:148:84: error: use of undeclared identifier 'kIOHIDRequestTypeListenEvent'
  148 |         static_cast<unsigned long long>(result), static_cast<int>(IOHIDCheckAccess(kIOHIDRequestTypeListenEvent))
      |                                                                                    ^
1 error generated.
make[2]: *** [src/lib/platform/CMakeFiles/platform.dir/OSXLocalModifiers.cpp.o] Error 1
make[2]: *** Waiting for unfinished jobs....
make[1]: *** [src/lib/platform/CMakeFiles/platform.dir/all] Error 2
make: *** [all] Error 2
